"199","0","-1"
"1263","1","0"
"1845","2","1"
"0","3","0"
"326","4","1"
"867","5","-1"
"341","6","1"
"35","7","-1"
"128","8","0"
"131","9","1"
"44","10","-1"
"1491","11","1"
"1417","12","0"
"924","13","-1"
"33","14","-1"
"767","15","1"
"1390","16","-1"
"1067","17","0"
"57","18","0"
"654","19","0"
"706","20","1"
"1467","21","0"
"1547","22","0"
"389","23","-1"
"717","24","0"
"1584","25","-1"
"233","26","-1"
"456","27","-1"
"1286","28","1"
"723","29","0"
"739","30","-1"
"1761","31","1"
"1871","32","-1"
"920","33","1"
"761","34","1"
"1760","35","1"
"1408","36","1"
"1113","37","0"
"771","38","0"
"1106","39","1"
"1330","40","1"
"1920","41","1"
"748","42","-1"
"1589","43","0"
"510","44","0"
"587","45","-1"
"886","46","-1"
"516","47","-1"
"759","48","-1"
"1384","49","1"
"1152","50","0"
"1828","51","1"
"1600","52","-1"
"1865","53","0"
"755","54","-1"
"1207","55","-1"
"1524","56","-1"
"1246","57","-1"
"781","58","0"
"768","59","0"
"907","60","0"
"134","61","-1"
"318","62","0"
"776","63","-1"
"533","64","-1"
"983","65","0"
"1350","66","0"
"1189","67","-1"
"929","68","1"
"1436","69","-1"
"496","70","1"
"1794","71","0"
"1845","72","-1"
"1583","73","1"
"129","74","-1"
"679","75","1"
"844","76","0"
"1186","77","1"
"1614","78","0"
"1603","79","-1"
"470","80","0"
"856","81","0"
"1567","82","0"
"1231","83","-1"
"1247","84","1"
"684","85","0"
"719","86","1"
"716","87","-1"
"1056","88","0"
"1114","89","1"
"438","90","0"
"467","91","1"
"1979","92","-1"
"861","93","-1"
"1979","94","1"
"1197","95","1"
"1529","96","0"
"43","97","1"
"233","98","-1"
"1394","99","0"
"465","100","0"
"1175","101","0"
"192","102","-1"
"336","103","1"
"1445","104","1"
"334","105","1"
"1363","106","-1"
"907","107","1"
"305","108","0"
"1659","109","-1"
"1305","110","-1"
"1153","111","0"
"1753","112","0"
"341","113","0"
"476","114","0"
"389","115","1"
"1200","116","0"
"1583","117","1"
"973","118","0"
"1949","119","-1"
"1267","120","-1"
"658","121","-1"
"1313","122","-1"
"1577","123","-1"
"1139","124","-1"
"167","125","0"
"1361","126","1"
"1269","127","0"
"1200","128","-1"
"60","129","1"
"1594","130","-1"
"770","131","1"
"405","132","1"
"123","133","0"
"1456","134","0"
"1094","135","-1"
"1656","136","0"
"1325","137","1"
"336","138","-1"
"986","139","0"
"1728","140","0"
"1512","141","-1"
"1508","142","-1"
"728","143","0"
"1725","144","1"
"819","145","1"
"1084","146","0"
"1960","147","1"
"953","148","0"
"1619","149","-1"
"1994","150","0"
"1338","151","0"
"1334","152","0"
"1750","153","-1"
"102","154","1"
"120","155","1"
"125","156","-1"
"1174","157","0"
"1099","158","-1"
"1149","159","1"
"630","160","1"
"1028","161","0"
"1923","162","-1"
"1898","163","1"
"422","164","1"
"229","165","-1"
"1082","166","0"
"821","167","1"
"1432","168","1"
"90","169","0"
"770","170","-1"
"753","171","0"
"1221","172","1"
"1256","173","0"
"375","174","1"
"150","175","0"
"1464","176","-1"
"154","177","-1"
"1354","178","0"
"483","179","0"
"1929","180","1"
"1194","181","-1"
"1823","182","1"
"232","183","0"
"160","184","1"
"615","185","1"
"1918","186","-1"
"817","187","0"
"1750","188","1"
"694","189","0"
"1019","190","1"
"1089","191","-1"
"1642","192","0"
"652","193","1"
"1285","194","1"
"554","195","1"
"1968","196","1"
"1143","197","0"
"552","198","-1"
"1570","199","1"
"232","200","0"
"1684","201","0"
"574","202","0"
"1289","203","-1"
"702","204","-1"
"274","205","1"
"1313","206","0"
"1919","207","1"
"378","208","1"
"1596","209","0"
"199","210","0"
"413","211","-1"
"1947","212","1"
"274","213","1"
"1134","214","0"
"1545","215","0"
"1468","216","1"
"1053","217","-1"
"465","218","1"
"674","219","-1"
"514","220","1"
"1057","221","1"
"946","222","1"
"1711","223","-1"
"716","224","1"
"1230","225","1"
"1922","226","0"
"1633","227","0"
"1491","228","1"
"1490","229","-1"
"526","230","-1"
"659","231","0"
"457","232","1"
"1512","233","1"
"627","234","1"
"1602","235","1"
"135","236","0"
"179","237","-1"
"355","238","-1"
"455","239","-1"
"1481","240","0"
"1725","241","-1"
"1970","242","-1"
"1779","243","-1"
"73","244","1"
"1673","245","1"
"1230","246","0"
"1164","247","1"
"811","248","0"
"818","249","1"
"388","250","-1"
"134","251","-1"
"1250","252","0"
"1247","253","0"
"803","254","-1"
"558","255","1"
"207","256","1"
"789","257","1"
"1398","258","-1"
"1093","259","0"
"491","260","-1"
"1586","261","0"
"777","262","-1"
"1006","263","0"
"1506","264","-1"
"131","265","1"
"10","266","0"
"1229","267","0"
"1061","268","-1"
"474","269","-1"
"508","270","0"
"728","271","1"
"39","272","-1"
"1664","273","0"
"1079","274","0"
"1548","275","1"
"519","276","1"
"976","277","1"
"1450","278","0"
"1749","279","0"
"1607","280","1"
"1428","281","0"
"1997","282","-1"
"1692","283","-1"
"1016","284","0"
"605","285","-1"
"951","286","-1"
"1603","287","-1"
"1931","288","0"
"862","289","-1"
"384","290","1"
"190","291","1"
"1909","292","0"
"157","293","0"
"1040","294","-1"
"457","295","0"
"743","296","-1"
"1864","297","0"
"454","298","-1"
"1378","299","0"
"1591","300","-1"
"778","301","1"
"1462","302","0"
"777","303","0"
"927","304","0"
"340","305","-1"
"643","306","-1"
"1893","307","1"
"320","308","1"
"524","309","1"
"1032","310","0"
"1055","311","0"
"1521","312","0"
"1793","313","1"
"1437","314","-1"
"1908","315","-1"
"245","316","0"
"1975","317","1"
"524","318","1"
"669","319","-1"
"1236","320","-1"
"820","321","-1"
"262","322","-1"
"1436","323","-1"
"366","324","0"
"498","325","1"
"1787","326","1"
"1953","327","1"
"337","328","-1"
"1112","329","-1"
"1284","330","0"
"1675","331","-1"
"19","332","1"
"1835","333","1"
"398","334","-1"
"1516","335","0"
"1992","336","0"
"248","337","1"
"1787","338","0"
"971","339","1"
"1090","340","1"
"47","341","-1"
"485","342","-1"
"121","343","-1"
"79","344","-1"
"1377","345","0"
"1588","346","0"
"917","347","0"
"1806","348","-1"
"72","349","-1"
"81","350","-1"
"1175","351","-1"
"726","352","1"
"1797","353","0"
"68","354","1"
"1355","355","0"
"735","356","1"
"1549","357","1"
"1364","358","0"
"804","359","-1"
"176","360","-1"
"1864","361","1"
"1919","362","-1"
"1087","363","0"
"1731","364","0"
"899","365","-1"
"1195","366","-1"
"861","367","1"
"254","368","1"
"463","369","1"
"1542","370","-1"
"1454","371","-1"
"1168","372","0"
"1145","373","-1"
"161","374","0"
"1665","375","0"
"814","376","-1"
"476","377","-1"
"1981","378","1"
"704","379","0"
"77","380","1"
"736","381","-1"
"30","382","1"
"136","383","-1"
"1908","384","0"
"1934","385","-1"
"1129","386","-1"
"711","387","1"
"730","388","-1"
"1120","389","-1"
"1424","390","1"
"69","391","-1"
"1422","392","-1"
"1210","393","0"
"901","394","-1"
"294","395","1"
"1728","396","0"
"582","397","1"
"462","398","-1"
"1155","399","0"
"171","400","-1"
"1365","401","0"
"895","402","1"
"755","403","0"
"1485","404","1"
"1133","405","-1"
"977","406","1"
"1920","407","0"
"480","408","1"
"1292","409","1"
"1431","410","0"
"1919","411","1"
"1582","412","1"
"113","413","0"
"74","414","0"
"1169","415","1"
"399","416","1"
"901","417","0"
"1709","418","1"
"1409","419","1"
"1434","420","-1"
"1827","421","1"
"1201","422","-1"
"688","423","1"
"1075","424","-1"
"23","425","0"
"1598","426","1"
"1342","427","1"
"145","428","0"
"102","429","0"
"1695","430","1"
"888","431","-1"
"827","432","1"
"1060","433","0"
"1921","434","-1"
"1378","435","0"
"1350","436","0"
"1743","437","1"
"630","438","-1"
"234","439","0"
"1638","440","-1"
"856","441","-1"
"251","442","0"
"386","443","-1"
"321","444","1"
"1236","445","1"
"1692","446","1"
"685","447","1"
"664","448","0"
"611","449","-1"
"1723","450","-1"
"1599","451","-1"
"1019","452","0"
"1547","453","-1"
"1862","454","1"
"713","455","-1"
"1920","456","0"
"873","457","-1"
"435","458","0"
"109","459","0"
"1074","460","-1"
"1056","461","1"
"1324","462","-1"
"301","463","0"
"1961","464","1"
"1996","465","-1"
"1711","466","-1"
"1887","467","-1"
"859","468","-1"
"16","469","0"
"1822","470","0"
"1002","471","0"
"1260","472","0"
"1132","473","0"
"192","474","1"
"1695","475","0"
"1419","476","1"
"265","477","1"
"1832","478","0"
"1747","479","0"
"1960","480","-1"
"152","481","0"
"1301","482","0"
"459","483","0"
"271","484","1"
"1296","485","-1"
"962","486","1"
"1232","487","0"
"386","488","1"
"1725","489","1"
"1034","490","-1"
"1443","491","1"
"132","492","0"
"989","493","0"
"883","494","1"
"1799","495","0"
"1817","496","-1"
"145","497","0"
"1287","498","-1"
"744","499","-1"
"801","500","-1"
"1427","501","0"
"1206","502","0"
"605","503","1"
"1239","504","0"
"315","505","0"
"1842","506","0"
"1353","507","0"
"1087","508","0"
"1019","509","-1"
"1046","510","0"
"879","511","0"
"11","512","0"
"694","513","1"
"317","514","1"
"621","515","0"
"598","516","-1"
"889","517","0"
"829","518","1"
"1342","519","-1"
"1725","520","0"
"34","521","-1"
"930","522","0"
"1151","523","1"
"739","524","1"
"1695","525","0"
"725","526","0"
"1548","527","1"
"1041","528","1"
"673","529","0"
"453","530","0"
"706","531","-1"
"865","532","-1"
"1220","533","1"
"221","534","-1"
"1272","535","-1"
"992","536","0"
"975","537","-1"
"1773","538","-1"
"1098","539","0"
"866","540","-1"
"180","541","0"
"442","542","0"
"1926","543","-1"
"1833","544","0"
"763","545","0"
"1663","546","-1"
"1031","547","0"
"716","548","-1"
"1758","549","1"
"374","550","-1"
"1858","551","1"
"752","552","1"
"1640","553","0"
"1958","554","1"
"707","555","1"
"1383","556","1"
"837","557","-1"
"1459","558","-1"
"1977","559","1"
"640","560","0"
"1639","561","0"
"1270","562","-1"
"514","563","0"
"1025","564","-1"
"1013","565","0"
"528","566","-1"
"490","567","-1"
"1241","568","-1"
"510","569","-1"
"1350","570","-1"
"1842","571","0"
"1280","572","-1"
"1463","573","1"
"821","574","0"
"586","575","1"
"1451","576","1"
"1923","577","0"
"626","578","-1"
"149","579","1"
"1093","580","0"
"1468","581","0"
"479","582","0"
"91","583","-1"
"84","584","-1"
"448","585","-1"
"515","586","0"
"737","587","1"
"1618","588","0"
"890","589","0"
"1670","590","-1"
"746","591","1"
"592","592","-1"
"1952","593","-1"
"1933","594","-1"
"1094","595","1"
"1387","596","-1"
"1002","597","-1"
"1562","598","1"
"1753","599","0"
"457","600","-1"
"1797","601","-1"
"1150","602","0"
"456","603","0"
"1848","604","-1"
"795","605","-1"
"1113","606","-1"
"1259","607","-1"
"397","608","-1"
"1045","609","1"
"466","610","-1"
"1494","611","0"
"1285","612","1"
"1119","613","0"
"1927","614","1"
"1159","615","-1"
"1723","616","-1"
"1723","617","0"
"282","618","-1"
"1782","619","1"
"1458","620","-1"
"1309","621","-1"
"607","622","1"
"1258","623","-1"
"38","624","-1"
"968","625","-1"
"371","626","-1"
"1604","627","0"
"1158","628","-1"
"1262","629","-1"
"1866","630","-1"
"146","631","-1"
"217","632","0"
"872","633","0"
"355","634","0"
"1940","635","-1"
"150","636","1"
"1396","637","0"
"185","638","-1"
"1076","639","-1"
"1432","640","1"
"854","641","0"
"1975","642","1"
"1846","643","1"
"643","644","0"
"95","645","-1"
"1550","646","-1"
"187","647","0"
"1785","648","1"
"673","649","-1"
"876","650","1"
"1978","651","-1"
"1889","652","-1"
"1158","653","1"
"1956","654","1"
"1576","655","1"
"1041","656","-1"
"504","657","1"
"904","658","1"
"167","659","1"
"51","660","0"
"359","661","0"
"1970","662","0"
"170","663","0"
"1129","664","-1"
"1457","665","-1"
"1955","666","-1"
"141","667","0"
"1117","668","-1"
"499","669","0"
"1417","670","0"
"1080","671","-1"
"763","672","0"
"221","673","0"
"789","674","-1"
"1209","675","1"
"422","676","0"
"527","677","1"
"1709","678","1"
"1227","679","0"
"1448","680","-1"
"978","681","-1"
"2","682","0"
"137","683","0"
"203","684","1"
"1113","685","0"
"1193","686","0"
"635","687","-1"
"1326","688","-1"
"1205","689","-1"
"159","690","0"
"1644","691","0"
"937","692","0"
"619","693","1"
"1087","694","0"
"192","695","0"
"1502","696","0"
"466","697","-1"
"1693","698","1"
"1613","699","0"
"285","700","1"
"1048","701","1"
"1524","702","0"
"430","703","-1"
"356","704","0"
"725","705","-1"
"1692","706","-1"
"603","707","1"
"1534","708","0"
"9","709","1"
"1036","710","0"
"839","711","0"
"939","712","1"
"816","713","0"
"1356","714","1"
"1963","715","-1"
"341","716","1"
"146","717","-1"
"1927","718","-1"
"1572","719","0"
"444","720","1"
"74","721","1"
"1402","722","1"
"312","723","-1"
"795","724","1"
"1515","725","-1"
"1571","726","-1"
"1876","727","0"
"75","728","1"
"960","729","-1"
"1937","730","0"
"138","731","-1"
"1819","732","1"
"1523","733","0"
"813","734","1"
"1333","735","1"
"1367","736","-1"
"236","737","-1"
"601","738","1"
"45","739","0"
"797","740","-1"
"6","741","0"
"1862","742","-1"
"983","743","-1"
"1335","744","1"
"357","745","1"
"925","746","0"
"1730","747","0"
"713","748","-1"
"192","749","0"
"1266","750","-1"
"243","751","-1"
"1623","752","0"
"1012","753","0"
"167","754","-1"
"1803","755","-1"
"1674","756","1"
"364","757","1"
"37","758","0"
"198","759","0"
"1921","760","-1"
"1226","761","0"
"553","762","1"
"880","763","0"
"1151","764","1"
"1252","765","1"
"1948","766","1"
"216","767","-1"
"1198","768","1"
"262","769","1"
"569","770","-1"
"27","771","-1"
"1404","772","1"
"6","773","-1"
"1101","774","-1"
"541","775","0"
"978","776","1"
"1476","777","-1"
"258","778","1"
"1383","779","0"
"1859","780","0"
"681","781","0"
"1404","782","1"
"336","783","0"
"60","784","-1"
"1298","785","-1"
"854","786","0"
"615","787","-1"
"477","788","-1"
"905","789","1"
"1382","790","0"
"991","791","0"
"1170","792","1"
"1550","793","-1"
"872","794","-1"
"1079","795","0"
"474","796","0"
"484","797","-1"
"1134","798","0"
"1033","799","1"
"306","800","-1"
"531","801","0"
"538","802","-1"
"582","803","1"
"1974","804","-1"
"422","805","-1"
"259","806","-1"
"1781","807","1"
"179","808","0"
"1771","809","1"
"1751","810","-1"
"1423","811","-1"
"741","812","1"
"1155","813","0"
"142","814","0"
"793","815","0"
"590","816","-1"
"646","817","-1"
"1687","818","0"
"1379","819","0"
"726","820","0"
"706","821","-1"
"1467","822","0"
"614","823","-1"
"1463","824","1"
"1371","825","0"
"1323","826","0"
"214","827","-1"
"1044","828","1"
"1615","829","0"
"35","830","1"
"1675","831","0"
"140","832","1"
"1371","833","-1"
"1969","834","0"
"1767","835","-1"
"633","836","-1"
"306","837","0"
"235","838","0"
"1696","839","-1"
"1645","840","0"
"611","841","1"
"1489","842","1"
"287","843","-1"
"1089","844","-1"
"487","845","0"
"332","846","0"
"996","847","-1"
"683","848","1"
"1376","849","0"
"1338","850","0"
"1820","851","0"
"42","852","1"
"692","853","1"
"1035","854","0"
"1169","855","1"
"872","856","-1"
"274","857","-1"
"1465","858","-1"
"850","859","-1"
"155","860","-1"
"796","861","-1"
"1031","862","-1"
"593","863","-1"
"58","864","0"
"568","865","1"
"121","866","-1"
"958","867","-1"
"1706","868","1"
"886","869","-1"
"609","870","1"
"1330","871","0"
"248","872","1"
"1342","873","0"
"1702","874","1"
"593","875","-1"
"499","876","-1"
"38","877","-1"
"1595","878","-1"
"1902","879","0"
"28","880","-1"
"403","881","0"
"921","882","1"
"1229","883","1"
"794","884","-1"
"202","885","0"
"1094","886","-1"
"1426","887","0"
"1352","888","1"
"1820","889","0"
"440","890","-1"
"925","891","0"
"207","892","-1"
"543","893","0"
"285","894","1"
"336","895","0"
"410","896","-1"
"983","897","-1"
"288","898","-1"
"501","899","-1"
"395","900","-1"
"98","901","1"
"91","902","-1"
"698","903","1"
"1174","904","1"
"1525","905","1"
"283","906","0"
"590","907","-1"
"937","908","-1"
"200","909","0"
"942","910","0"
"58","911","1"
"179","912","1"
"1129","913","-1"
"136","914","-1"
"378","915","-1"
"1619","916","1"
"1982","917","0"
"697","918","-1"
"451","919","0"
"1875","920","1"
"980","921","1"
"147","922","-1"
"105","923","0"
"1694","924","1"
"1999","925","1"
"86","926","-1"
"773","927","0"
"1314","928","1"
"688","929","-1"
"1519","930","0"
"1715","931","0"
"1158","932","-1"
"1714","933","1"
"1477","934","-1"
"1616","935","0"
"1879","936","-1"
"820","937","0"
"526","938","0"
"1225","939","-1"
"583","940","1"
"132","941","1"
"731","942","1"
"464","943","-1"
"998","944","-1"
"1954","945","-1"
"1430","946","0"
"1764","947","-1"
"1902","948","1"
"1617","949","0"
"1063","950","0"
"128","951","1"
"1003","952","1"
"1691","953","0"
"372","954","0"
"1545","955","-1"
"907","956","-1"
"80","957","0"
"1646","958","0"
"887","959","0"
"1502","960","1"
"272","961","0"
"844","962","1"
"1667","963","1"
"1606","964","1"
"719","965","0"
"699","966","1"
"834","967","-1"
"1638","968","-1"
"1813","969","0"
"36","970","0"
"963","971","0"
"1132","972","-1"
"1754","973","0"
"515","974","-1"
"438","975","-1"
"1556","976","0"
"1321","977","-1"
"422","978","1"
"581","979","1"
"997","980","0"
"833","981","-1"
"164","982","0"
"1467","983","0"
"734","984","0"
"1798","985","1"
"791","986","-1"
"926","987","-1"
"1154","988","-1"
"1120","989","0"
"1301","990","0"
"202","991","0"
"1215","992","-1"
"199","993","0"
"573","994","0"
"1529","995","1"
"178","996","-1"
"175","997","0"
"1231","998","1"
"946","999","1"
"1729","1000","1"
"1615","1001","1"
"122","1002","1"
"323","1003","0"
"303","1004","-1"
"1239","1005","1"
"1413","1006","-1"
"747","1007","0"
"1330","1008","1"
"1237","1009","1"
"244","1010","-1"
"952","1011","0"
"1652","1012","0"
"910","1013","1"
"816","1014","1"
"215","1015","-1"
"984","1016","-1"
"267","1017","-1"
"711","1018","-1"
"1313","1019","1"
"25","1020","1"
"826","1021","-1"
"89","1022","0"
"557","1023","-1"
"1412","1024","1"
"658","1025","1"
"405","1026","1"
"1620","1027","0"
"532","1028","0"
"1389","1029","1"
"1986","1030","-1"
"357","1031","1"
"1808","1032","1"
"1676","1033","1"
"1289","1034","0"
"153","1035","-1"
"1473","1036","0"
"818","1037","0"
"1064","1038","1"
"1697","1039","0"
"1734","1040","1"
"1036","1041","1"
"1716","1042","-1"
"1432","1043","0"
"685","1044","1"
"342","1045","0"
"966","1046","1"
"1570","1047","1"
"1345","1048","0"
"1921","1049","1"
"650","1050","1"
"1173","1051","0"
"1505","1052","1"
"1957","1053","1"
"72","1054","1"
"672","1055","1"
"1532","1056","0"
"552","1057","1"
"1306","1058","1"
"1433","1059","0"
"1287","1060","0"
"65","1061","1"
"541","1062","-1"
"61","1063","0"
"618","1064","0"
"490","1065","-1"
"1346","1066","0"
"801","1067","0"
"1745","1068","0"
"46","1069","0"
"1488","1070","-1"
"1977","1071","1"
"1661","1072","0"
"1651","1073","-1"
"1738","1074","-1"
"1584","1075","1"
"807","1076","1"
"1918","1077","0"
"11","1078","1"
"1728","1079","0"
"750","1080","-1"
"790","1081","-1"
"1377","1082","1"
"72","1083","1"
"1382","1084","0"
"1156","1085","1"
"1065","1086","-1"
"1965","1087","0"
"1466","1088","0"
"1169","1089","1"
"1690","1090","0"
"0","1091","0"
"1307","1092","1"
"1485","1093","1"
"83","1094","1"
"1569","1095","-1"
"15","1096","0"
"1908","1097","-1"
"1194","1098","0"
"342","1099","1"
"1026","1100","1"
"530","1101","-1"
"1255","1102","-1"
"727","1103","0"
"920","1104","0"
"1775","1105","1"
"504","1106","0"
"484","1107","0"
"1221","1108","1"
"1991","1109","-1"
"1649","1110","0"
"1809","1111","0"
"500","1112","0"
"1648","1113","0"
"1295","1114","-1"
"568","1115","1"
"213","1116","0"
"27","1117","-1"
"222","1118","0"
"1602","1119","1"
"891","1120","-1"
"482","1121","-1"
"751","1122","-1"
"703","1123","-1"
"228","1124","-1"
"480","1125","0"
"759","1126","1"
"1192","1127","-1"
"1005","1128","0"
"1887","1129","0"
"185","1130","-1"
"1356","1131","-1"
"101","1132","-1"
"577","1133","1"
"285","1134","-1"
"1288","1135","-1"
"591","1136","-1"
"1336","1137","1"
"1711","1138","-1"
"1834","1139","-1"
"1466","1140","-1"
"190","1141","1"
"1361","1142","-1"
"462","1143","1"
"1789","1144","1"
"1723","1145","-1"
"1009","1146","-1"
"663","1147","-1"
"1273","1148","-1"
"1215","1149","1"
"499","1150","-1"
"1387","1151","0"
"856","1152","0"
"1365","1153","1"
"343","1154","1"
"747","1155","-1"
"732","1156","1"
"1525","1157","-1"
"1737","1158","0"
"1544","1159","-1"
"575","1160","-1"
"1492","1161","-1"
"1384","1162","-1"
"1059","1163","-1"
"1483","1164","0"
"1819","1165","0"
"1171","1166","1"
"1294","1167","1"
"683","1168","1"
"965","1169","1"
"732","1170","0"
"543","1171","0"
"1733","1172","1"
"1427","1173","1"
"694","1174","0"
"424","1175","-1"
"1365","1176","0"
"1508","1177","1"
"468","1178","1"
"438","1179","0"
"1500","1180","-1"
"1290","1181","-1"
"1058","1182","0"
"560","1183","-1"
"196","1184","0"
"1912","1185","0"
"998","1186","0"
"821","1187","0"
"979","1188","1"
"1593","1189","-1"
"530","1190","0"
"1925","1191","0"
"896","1192","1"
"212","1193","0"
"1703","1194","0"
"1872","1195","1"
"436","1196","1"
"1315","1197","1"
"425","1198","-1"
"566","1199","-1"
"867","1200","-1"
"332","1201","0"
"318","1202","-1"
"1199","1203","1"
"1845","1204","-1"
"158","1205","-1"
"506","1206","-1"
"1888","1207","1"
"1175","1208","-1"
"1782","1209","1"
"1802","1210","1"
"1387","1211","0"
"1964","1212","1"
"542","1213","1"
"1852","1214","1"
"613","1215","-1"
"526","1216","1"
"642","1217","0"
"404","1218","1"
"1956","1219","1"
"510","1220","1"
"1556","1221","-1"
"1686","1222","0"
"1541","1223","-1"
"260","1224","0"
"767","1225","-1"
"1747","1226","0"
"444","1227","1"
"781","1228","-1"
"1849","1229","-1"
"1128","1230","1"
"1516","1231","-1"
"609","1232","1"
"332","1233","0"
"845","1234","1"
"385","1235","0"
"1298","1236","0"
"460","1237","0"
"557","1238","1"
"1129","1239","0"
"1196","1240","0"
"1013","1241","0"
"900","1242","1"
"1074","1243","0"
"243","1244","-1"
"610","1245","0"
"1890","1246","0"
"1336","1247","0"
"26","1248","1"
"1978","1249","1"
"838","1250","0"
"924","1251","-1"
"1495","1252","1"
"1521","1253","0"
"349","1254","-1"
"828","1255","0"
"117","1256","0"
"566","1257","1"
"1567","1258","0"
"829","1259","-1"
"90","1260","0"
"587","1261","1"
"1544","1262","-1"
"1957","1263","-1"
"1696","1264","1"
"1296","1265","0"
"1356","1266","0"
"464","1267","1"
"1057","1268","1"
"114","1269","1"
"344","1270","-1"
"1450","1271","1"
"1357","1272","-1"
"1097","1273","1"
"282","1274","-1"
"150","1275","-1"
"1097","1276","1"
"652","1277","-1"
"1871","1278","-1"
"143","1279","1"
"359","1280","1"
"347","1281","0"
"311","1282","1"
"408","1283","1"
"259","1284","0"
"777","1285","1"
"1281","1286","-1"
"35","1287","0"
"534","1288","-1"
"107","1289","1"
"1696","1290","1"
"1528","1291","-1"
"385","1292","1"
"1879","1293","-1"
"880","1294","-1"
"1287","1295","1"
"1439","1296","0"
"1363","1297","1"
"1116","1298","0"
"375","1299","-1"
"1903","1300","1"
"473","1301","1"
"448","1302","-1"
"726","1303","1"
"924","1304","1"
"135","1305","1"
"1147","1306","-1"
"523","1307","0"
"1093","1308","-1"
"954","1309","0"
"1022","1310","-1"
"1955","1311","-1"
"1365","1312","0"
"592","1313","1"
"1736","1314","-1"
"865","1315","-1"
"1280","1316","0"
"1380","1317","1"
"147","1318","0"
"312","1319","1"
"760","1320","1"
"495","1321","1"
"1939","1322","1"
"1335","1323","1"
"779","1324","-1"
"1663","1325","0"
"422","1326","0"
"422","1327","1"
"371","1328","1"
"709","1329","-1"
"1634","1330","-1"
"1820","1331","1"
"1469","1332","1"
"1466","1333","0"
"38","1334","0"
"1948","1335","0"
"1659","1336","-1"
"1622","1337","-1"
"871","1338","0"
"1425","1339","0"
"978","1340","0"
"1727","1341","0"
"1695","1342","-1"
"1067","1343","1"
"206","1344","0"
"363","1345","1"
"56","1346","1"
"521","1347","0"
"578","1348","-1"
"145","1349","-1"
"229","1350","0"
"1081","1351","1"
"1770","1352","1"
"800","1353","0"
"1976","1354","1"
"187","1355","0"
"1070","1356","-1"
"1293","1357","1"
"301","1358","-1"
"673","1359","0"
"1638","1360","1"
"1522","1361","1"
"1816","1362","1"
"1360","1363","1"
"1326","1364","1"
"972","1365","1"
"98","1366","0"
"76","1367","0"
"1501","1368","1"
"393","1369","0"
"22","1370","-1"
"1278","1371","0"
"953","1372","1"
"1124","1373","-1"
"1737","1374","-1"
"91","1375","-1"
"1232","1376","0"
"46","1377","1"
"1189","1378","-1"
"1124","1379","0"
"1914","1380","-1"
"1865","1381","-1"
"1226","1382","0"
"1599","1383","-1"
"1523","1384","0"
"335","1385","-1"
"884","1386","1"
"1343","1387","0"
"278","1388","-1"
"1567","1389","0"
"110","1390","0"
"290","1391","0"
"1372","1392","1"
"1019","1393","-1"
"828","1394","1"
"259","1395","1"
"1435","1396","1"
"147","1397","0"
"1199","1398","-1"
"116","1399","-1"
"226","1400","1"
"1123","1401","-1"
"1417","1402","1"
"489","1403","0"
"615","1404","1"
"761","1405","0"
"90","1406","-1"
"1076","1407","1"
"484","1408","1"
"140","1409","0"
"779","1410","0"
"1986","1411","0"
"670","1412","0"
"1827","1413","-1"
"821","1414","0"
"600","1415","0"
"1413","1416","0"
"667","1417","-1"
"217","1418","0"
"358","1419","0"
"1487","1420","0"
"1863","1421","1"
"1453","1422","1"
"576","1423","1"
"1849","1424","0"
"1884","1425","0"
"1609","1426","1"
"1794","1427","0"
"585","1428","1"
"518","1429","-1"
"559","1430","1"
"1706","1431","1"
"229","1432","0"
"413","1433","0"
"1037","1434","-1"
"234","1435","-1"
"973","1436","-1"
"1814","1437","1"
"429","1438","1"
"1186","1439","1"
"1150","1440","-1"
"1208","1441","0"
"111","1442","-1"
"799","1443","0"
"1872","1444","1"
"521","1445","1"
"1419","1446","0"
"223","1447","-1"
"1710","1448","1"
"1997","1449","1"
"1221","1450","1"
"1548","1451","0"
"1255","1452","-1"
"500","1453","-1"
"812","1454","0"
"1765","1455","-1"
"1185","1456","0"
"270","1457","-1"
"1346","1458","-1"
"1026","1459","1"
"620","1460","1"
"835","1461","-1"
"1473","1462","-1"
"386","1463","-1"
"763","1464","-1"
"1011","1465","0"
"173","1466","-1"
"1430","1467","0"
"1811","1468","0"
"384","1469","1"
"1042","1470","0"
"1143","1471","1"
"590","1472","0"
"1094","1473","1"
"451","1474","1"
"477","1475","-1"
"969","1476","-1"
"1081","1477","1"
"1168","1478","-1"
"869","1479","1"
"273","1480","0"
"1975","1481","0"
"563","1482","0"
"1976","1483","0"
"999","1484","0"
"1258","1485","-1"
"385","1486","1"
"1492","1487","1"
"1825","1488","-1"
"1837","1489","1"
"1778","1490","0"
"1686","1491","0"
"1731","1492","-1"
"1649","1493","0"
"1719","1494","1"
"1354","1495","0"
"1438","1496","1"
"35","1497","0"
"1214","1498","-1"
"430","1499","0"
"572","1500","1"
"50","1501","1"
"1731","1502","0"
"1941","1503","0"
"1819","1504","-1"
"124","1505","1"
"675","1506","1"
"1218","1507","0"
"361","1508","1"
"1831","1509","1"
"1763","1510","1"
"1876","1511","1"
"691","1512","1"
"999","1513","-1"
"1949","1514","1"
"615","1515","1"
"133","1516","0"
"1231","1517","1"
"490","1518","1"
"1530","1519","-1"
"154","1520","-1"
"1272","1521","0"
"1444","1522","0"
"400","1523","0"
"1239","1524","1"
"246","1525","0"
"1056","1526","0"
"246","1527","0"
"884","1528","1"
"143","1529","-1"
"128","1530","-1"
"1457","1531","-1"
"1813","1532","1"
"886","1533","0"
"1137","1534","0"
"298","1535","0"
"1650","1536","-1"
"1012","1537","-1"
"1309","1538","-1"
"443","1539","0"
"745","1540","0"
"928","1541","-1"
"297","1542","0"
"267","1543","0"
"1095","1544","0"
"1356","1545","1"
"498","1546","-1"
"1437","1547","1"
"1542","1548","-1"
"1236","1549","1"
"1439","1550","1"
"1109","1551","-1"
"560","1552","0"
"1681","1553","0"
"350","1554","1"
"925","1555","-1"
"1452","1556","1"
"1106","1557","1"
"1800","1558","1"
"543","1559","1"
"646","1560","1"
"665","1561","0"
"1116","1562","-1"
"1106","1563","1"
"1900","1564","1"
"1187","1565","0"
"565","1566","0"
"1025","1567","1"
"1366","1568","1"
"1198","1569","-1"
"960","1570","0"
"583","1571","1"
"84","1572","1"
"93","1573","0"
"743","1574","1"
"55","1575","-1"
"1103","1576","0"
"401","1577","-1"
"1071","1578","-1"
"483","1579","1"
"265","1580","0"
"1198","1581","1"
"775","1582","1"
"1560","1583","-1"
"55","1584","0"
"1519","1585","0"
"1987","1586","-1"
"486","1587","-1"
"492","1588","0"
"35","1589","1"
"1515","1590","0"
"621","1591","1"
"1501","1592","0"
"741","1593","-1"
"90","1594","1"
"652","1595","-1"
"1593","1596","-1"
"1822","1597","0"
"1034","1598","-1"
"762","1599","0"
"1029","1600","-1"
"1379","1601","-1"
"103","1602","1"
"1843","1603","-1"
"751","1604","-1"
"587","1605","1"
"750","1606","0"
"1390","1607","-1"
"651","1608","0"
"1333","1609","1"
"1273","1610","0"
"158","1611","1"
"1994","1612","-1"
"1009","1613","1"
"240","1614","1"
"944","1615","1"
"539","1616","1"
"774","1617","0"
"1099","1618","0"
"747","1619","0"
"568","1620","0"
"1420","1621","-1"
"1740","1622","0"
"907","1623","0"
"1769","1624","0"
"1320","1625","1"
"589","1626","-1"
"498","1627","1"
"516","1628","-1"
"1599","1629","-1"
"565","1630","0"
"603","1631","-1"
"776","1632","-1"
"1279","1633","1"
"1381","1634","-1"
"675","1635","-1"
"804","1636","-1"
"1476","1637","1"
"1014","1638","1"
"576","1639","0"
"681","1640","0"
"1151","1641","1"
"569","1642","0"
"964","1643","0"
"1447","1644","-1"
"1372","1645","-1"
"391","1646","1"
"1815","1647","0"
"292","1648","1"
"1440","1649","1"
"260","1650","1"
"1957","1651","1"
"1117","1652","0"
"314","1653","1"
"1233","1654","0"
"277","1655","1"
"1258","1656","-1"
"1778","1657","1"
"13","1658","0"
"296","1659","1"
"905","1660","1"
"406","1661","-1"
"458","1662","1"
"774","1663","1"
"437","1664","1"
"353","1665","0"
"515","1666","1"
"1355","1667","0"
"957","1668","0"
"1672","1669","0"
"518","1670","1"
"1497","1671","-1"
"1124","1672","0"
"647","1673","-1"
"1908","1674","-1"
"1052","1675","1"
"885","1676","1"
"1315","1677","-1"
"1903","1678","0"
"542","1679","0"
"114","1680","0"
"22","1681","-1"
"30","1682","1"
"881","1683","1"
"1990","1684","-1"
"941","1685","0"
"1114","1686","0"
"1751","1687","1"
"1864","1688","0"
"1058","1689","1"
"231","1690","0"
"488","1691","1"
"259","1692","1"
"1387","1693","0"
"1789","1694","-1"
"1686","1695","0"
"1829","1696","0"
"1712","1697","1"
"110","1698","1"
"620","1699","0"
"864","1700","-1"
"824","1701","0"
"1118","1702","1"
"902","1703","0"
"1998","1704","0"
"1698","1705","0"
"738","1706","0"
"83","1707","1"
"285","1708","-1"
"1855","1709","-1"
"1395","1710","1"
"39","1711","0"
"1847","1712","-1"
"391","1713","1"
"1472","1714","-1"
"694","1715","-1"
"1512","1716","-1"
"1097","1717","0"
"153","1718","-1"
"1305","1719","1"
"1925","1720","0"
"357","1721","0"
"1883","1722","1"
"1628","1723","0"
"158","1724","0"
"1811","1725","1"
"1772","1726","0"
"568","1727","0"
"1859","1728","0"
"987","1729","0"
"1103","1730","1"
"471","1731","-1"
"1324","1732","1"
"386","1733","0"
"1076","1734","0"
"1226","1735","-1"
"1669","1736","-1"
"1337","1737","-1"
"195","1738","0"
"732","1739","-1"
"253","1740","1"
"1631","1741","0"
"620","1742","0"
"0","1743","0"
"789","1744","1"
"1212","1745","0"
"73","1746","-1"
"143","1747","1"
"1710","1748","1"
"1294","1749","1"
"1680","1750","0"
"1634","1751","-1"
"484","1752","1"
"1846","1753","0"
"773","1754","1"
"1107","1755","1"
"1651","1756","-1"
"755","1757","-1"
"1697","1758","1"
"1241","1759","-1"
"49","1760","-1"
"995","1761","1"
"266","1762","-1"
"1665","1763","-1"
"1370","1764","1"
"28","1765","0"
"867","1766","0"
"1297","1767","-1"
"1554","1768","0"
"490","1769","0"
"1882","1770","1"
"1889","1771","0"
"1105","1772","0"
"1848","1773","0"
"710","1774","1"
"1456","1775","-1"
"225","1776","-1"
"981","1777","0"
"1831","1778","-1"
"1838","1779","1"
"827","1780","-1"
"401","1781","1"
"1512","1782","-1"
"1258","1783","-1"
"1785","1784","0"
"1519","1785","-1"
"1584","1786","-1"
"1383","1787","-1"
"1476","1788","1"
"198","1789","-1"
"298","1790","-1"
"475","1791","0"
"141","1792","0"
"1900","1793","1"
"1412","1794","1"
"635","1795","-1"
"750","1796","1"
"1419","1797","0"
"1651","1798","0"
"169","1799","0"
"1501","1800","1"
"1105","1801","-1"
"404","1802","0"
"689","1803","1"
"809","1804","-1"
"390","1805","1"
"156","1806","-1"
"238","1807","1"
"846","1808","1"
"14","1809","-1"
"1034","1810","-1"
"1896","1811","1"
"1429","1812","1"
"860","1813","-1"
"716","1814","-1"
"1183","1815","0"
"1594","1816","-1"
"810","1817","1"
"1708","1818","-1"
"595","1819","-1"
"1437","1820","-1"
"1101","1821","-1"
"1621","1822","0"
"1488","1823","0"
"84","1824","1"
"323","1825","0"
"1485","1826","0"
"685","1827","-1"
"910","1828","0"
"1650","1829","0"
"1463","1830","1"
"894","1831","0"
"558","1832","-1"
"689","1833","-1"
"1748","1834","-1"
"1969","1835","-1"
"1064","1836","1"
"1705","1837","1"
"870","1838","1"
"864","1839","0"
"1039","1840","0"
"437","1841","0"
"675","1842","1"
"1179","1843","1"
"126","1844","1"
"172","1845","-1"
"133","1846","1"
"360","1847","-1"
"1563","1848","1"
"1436","1849","1"
"1958","1850","0"
"1282","1851","-1"
"1842","1852","0"
"376","1853","1"
"1159","1854","0"
"890","1855","1"
"1861","1856","0"
"671","1857","1"
"1531","1858","-1"
"1219","1859","1"
"733","1860","0"
"393","1861","0"
"1955","1862","0"
"248","1863","0"
"116","1864","-1"
"1408","1865","-1"
"1036","1866","-1"
"1099","1867","-1"
"1470","1868","-1"
"579","1869","0"
"696","1870","1"
"899","1871","0"
"1345","1872","0"
"1571","1873","-1"
"794","1874","0"
"1757","1875","1"
"1925","1876","1"
"783","1877","1"
"1804","1878","1"
"1830","1879","-1"
"1515","1880","0"
"1444","1881","1"
"230","1882","1"
"1756","1883","0"
"1475","1884","1"
"1611","1885","-1"
"1427","1886","0"
"853","1887","-1"
"630","1888","1"
"1103","1889","-1"
"197","1890","1"
"1438","1891","1"
"519","1892","1"
"1840","1893","1"
"461","1894","-1"
"605","1895","-1"
"1032","1896","-1"
"1035","1897","-1"
"1385","1898","-1"
"1545","1899","0"
"216","1900","-1"
"455","1901","1"
"1749","1902","-1"
"354","1903","0"
"1141","1904","0"
"1938","1905","0"
"220","1906","1"
"631","1907","0"
"1488","1908","0"
"754","1909","0"
"1997","1910","0"
"1085","1911","-1"
"1444","1912","0"
"932","1913","-1"
"246","1914","-1"
"1574","1915","1"
"861","1916","-1"
"510","1917","1"
"1432","1918","0"
"632","1919","1"
"589","1920","0"
"655","1921","0"
"1405","1922","1"
"98","1923","-1"
"1194","1924","0"
"1343","1925","0"
"1927","1926","1"
"313","1927","-1"
"503","1928","-1"
"732","1929","-1"
"1283","1930","-1"
"1397","1931","-1"
"666","1932","1"
"1726","1933","-1"
"38","1934","-1"
"1067","1935","0"
"988","1936","0"
"391","1937","-1"
"1945","1938","0"
"850","1939","-1"
"1147","1940","-1"
"1761","1941","-1"
"1879","1942","0"
"1410","1943","-1"
"1020","1944","0"
"430","1945","0"
"646","1946","1"
"495","1947","1"
"673","1948","0"
"1841","1949","0"
"374","1950","1"
"144","1951","1"
"27","1952","1"
"742","1953","-1"
"1323","1954","0"
"357","1955","-1"
"1017","1956","0"
"87","1957","0"
"1355","1958","0"
"1189","1959","1"
"1506","1960","0"
"714","1961","-1"
"481","1962","-1"
"231","1963","-1"
"1524","1964","1"
"769","1965","1"
"285","1966","1"
"187","1967","0"
"575","1968","-1"
"1498","1969","0"
"1244","1970","-1"
"201","1971","-1"
"1200","1972","0"
"948","1973","0"
"1175","1974","0"
"1667","1975","0"
"1533","1976","-1"
"397","1977","-1"
"633","1978","-1"
"1803","1979","1"
"15","1980","0"
"5","1981","1"
"531","1982","1"
"1644","1983","0"
"1040","1984","0"
"1143","1985","1"
"600","1986","0"
"359","1987","-1"
"686","1988","0"
"113","1989","0"
"205","1990","1"
"337","1991","-1"
"1043","1992","1"
"1209","1993","0"
"797","1994","-1"
"505","1995","1"
"1045","1996","1"
"1962","1997","-1"
"1471","1998","0"
"71","1999","1"
