0,Outdoor Recreation
0,"Skates, Skateboards & Scooters"
0,Skateboarding
0,Standard Skateboards & Longboards
0,Longboards
1,Outdoor Recreation
1,"Skates, Skateboards & Scooters"
1,Skateboarding
1,Standard Skateboards & Longboards
1,Longboards
2,Outdoor Recreation
2,"Skates, Skateboards & Scooters"
2,Skateboarding
2,Standard Skateboards & Longboards
2,Longboards
3,Outdoor Recreation
3,"Skates, Skateboards & Scooters"
3,Skateboarding
3,Standard Skateboards & Longboards
3,Longboards
4,Outdoor Recreation
4,"Skates, Skateboards & Scooters"
4,Skateboarding
4,Standard Skateboards & Longboards
4,Longboards
5,Outdoor Recreation
5,"Skates, Skateboards & Scooters"
5,Skateboarding
5,Standard Skateboards & Longboards
5,Longboards
6,Outdoor Recreation
6,"Skates, Skateboards & Scooters"
6,Skateboarding
6,Standard Skateboards & Longboards
6,Longboards
7,Outdoor Recreation
7,"Skates, Skateboards & Scooters"
7,Skateboarding
7,Standard Skateboards & Longboards
7,Longboards
8,Outdoor Recreation
8,"Skates, Skateboards & Scooters"
8,Skateboarding
8,Standard Skateboards & Longboards
8,Longboards
9,Outdoor Recreation
9,"Skates, Skateboards & Scooters"
9,Skateboarding
9,Standard Skateboards & Longboards
9,Longboards
10,Outdoor Recreation
10,"Skates, Skateboards & Scooters"
10,Skateboarding
10,Standard Skateboards & Longboards
10,Longboards
11,Outdoor Recreation
11,"Skates, Skateboards & Scooters"
11,Skateboarding
11,Standard Skateboards & Longboards
11,Longboards
12,Outdoor Recreation
12,"Skates, Skateboards & Scooters"
12,Skateboarding
12,Standard Skateboards & Longboards
12,Longboards
13,Outdoor Recreation
13,"Skates, Skateboards & Scooters"
13,Skateboarding
13,Standard Skateboards & Longboards
13,Longboards
14,Outdoor Recreation
14,"Skates, Skateboards & Scooters"
14,Skateboarding
14,Standard Skateboards & Longboards
14,Longboards
15,Outdoor Recreation
15,"Skates, Skateboards & Scooters"
15,Skateboarding
15,Standard Skateboards & Longboards
15,Longboards
16,Outdoor Recreation
16,"Skates, Skateboards & Scooters"
16,Skateboarding
16,Standard Skateboards & Longboards
16,Longboards
17,Outdoor Recreation
17,"Skates, Skateboards & Scooters"
17,Skateboarding
17,Standard Skateboards & Longboards
17,Longboards
18,Outdoor Recreation
18,"Skates, Skateboards & Scooters"
18,Skateboarding
18,Standard Skateboards & Longboards
18,Longboards
19,Outdoor Recreation
19,"Skates, Skateboards & Scooters"
19,Skateboarding
19,Standard Skateboards & Longboards
19,Longboards
20,Outdoor Recreation
20,"Skates, Skateboards & Scooters"
20,Skateboarding
20,Standard Skateboards & Longboards
20,Longboards
21,Outdoor Recreation
21,"Skates, Skateboards & Scooters"
21,Skateboarding
21,Standard Skateboards & Longboards
21,Longboards
22,Outdoor Recreation
22,"Skates, Skateboards & Scooters"
22,Skateboarding
22,Standard Skateboards & Longboards
22,Longboards
23,Outdoor Recreation
23,"Skates, Skateboards & Scooters"
23,Skateboarding
23,Standard Skateboards & Longboards
23,Longboards
24,Learning & Education
24,Science Kits & Toys
25,Arts & Crafts
25,Craft Kits
26,Hobbies
26,Models & Model Kits
26,Model Kits
26,Airplane & Jet Kits
27,Puzzles
27,Jigsaw Puzzles
28,Baby & Toddler Toys
29,Collectible Toys
29,"Statues, Bobbleheads & Busts"
29,Statues
30,Building Toys
30,Building Sets
31,Arts & Crafts
31,Craft Kits
32,Baby & Toddler Toys
32,Musical Toys
33,Learning & Education
33,Flash Cards
34,Novelty & Gag Toys
34,Money Banks
35,Baby & Toddler Toys
35,Musical Toys
36,Sports & Outdoor Play
36,Slumber Bags
37,Hobbies
37,Hobby Building Tools & Hardware
37,RC Linkages
38,Building Toys
38,Building Sets
39,Party Supplies
39,Party Tableware
39,Plates
40,Baby & Toddler Toys
40,Teaching Clocks
41,"Tricycles, Scooters & Wagons"
41,Balance Bikes
42,Kids' Electronics
43,Puzzles
43,Jigsaw Puzzles
44,Dress Up & Pretend Play
44,Costumes
45,Toy Figures & Playsets
45,Action Figures
46,Play Vehicles
47,Novelty & Gag Toys
48,Party Supplies
49,Party Supplies
49,Banners
50,Dolls & Accessories
50,Doll Accessories
51,Arts & Crafts
51,Craft Kits
52,Games & Accessories
53,Hobbies
53,Trains & Accessories
53,Train Cars
53,Freight Cars
53,Gondolas
54,Dolls & Accessories
54,Dolls
55,Hobbies
55,Remote & App Controlled Vehicles & Parts
55,Remote & App Controlled Vehicle Parts
56,Learning & Education
57,Kids' Electronics
57,Electronic Learning Toys
58,Hobbies
58,Hobby Building Tools & Hardware
58,Paints
59,Arts & Crafts
60,Games & Accessories
60,Card Games
61,Dress Up & Pretend Play
61,Pretend Play
61,Kitchen Toys
62,Dolls & Accessories
62,Dolls
63,Kids' Electronics
63,Electronic Learning Toys
64,Games & Accessories
65,Toy Figures & Playsets
65,Action Figures
66,Baby & Toddler Toys
67,Baby & Toddler Toys
67,Sorting & Stacking Toys
68,Collectible Toys
68,"Statues, Bobbleheads & Busts"
68,Statues
69,Toy Figures & Playsets
69,Action Figures
70,Toy Figures & Playsets
70,Action Figures
71,Stuffed Animals & Plush Toys
71,Stuffed Animals & Teddy Bears
72,Dolls & Accessories
72,Dolls
73,Dolls & Accessories
73,Playsets
74,Stuffed Animals & Plush Toys
74,Stuffed Animals & Teddy Bears
75,Novelty & Gag Toys
75,Miniatures
76,Stuffed Animals & Plush Toys
76,Plush Puppets
77,Hobbies
77,Remote & App Controlled Vehicles & Parts
77,Remote & App Controlled Vehicle Parts
77,Wheels & Tires
77,Tires
78,Stuffed Animals & Plush Toys
78,Plush Figures
79,Hobbies
79,Remote & App Controlled Vehicles & Parts
79,Remote & App Controlled Vehicle Parts
79,Power Plant & Driveline Systems
79,Axles
80,Toy Figures & Playsets
80,Playsets & Vehicles
80,Playsets
81,Arts & Crafts
81,Clay & Dough
82,Games & Accessories
82,Board Games
83,Stuffed Animals & Plush Toys
83,Plush Figures
84,Games & Accessories
84,Game Accessories
84,Standard Game Dice
85,Kids' Electronics
86,Dolls & Accessories
86,Dolls
87,Dress Up & Pretend Play
87,Pretend Play
87,Kitchen Toys
87,Play Food
88,Party Supplies
88,Banners
89,Baby & Toddler Toys
90,Hobbies
90,Trains & Accessories
90,Train Cars
91,Games & Accessories
91,Card Games
91,Standard Playing Card Decks
92,Stuffed Animals & Plush Toys
93,Hobbies
93,Remote & App Controlled Vehicles & Parts
93,Remote & App Controlled Vehicle Parts
94,Kids' Electronics
95,Games & Accessories
95,Card Games
95,Standard Playing Card Decks
96,Hobbies
96,Remote & App Controlled Vehicles & Parts
96,Remote & App Controlled Vehicles
96,Quadcopters & Multirotors
97,Building Toys
98,Party Supplies
99,Learning & Education
99,Science Kits & Toys
100,Dolls & Accessories
100,Dolls
101,Crafting
101,Paper & Paper Crafts
101,Paper Craft Tools
102,Beading & Jewelry Making
102,Beading Supplies
102,Fuse & Perler Beads
103,"Painting, Drawing & Art Supplies"
103,Drawing
103,Drawing Media
103,Pencils
104,Crafting
104,Woodcrafts
104,Unfinished Wood
105,"Painting, Drawing & Art Supplies"
105,Painting
105,Paintbrushes
105,Paintbrush Sets
106,Crafting
106,Paper & Paper Crafts
106,Paper
106,Construction Paper
107,Crafting
107,Paper & Paper Crafts
107,Paper
107,Construction Paper
108,Sewing
108,Trim & Embellishments
108,Appliques & Decorative Patches
108,Decorative Patches
109,"Painting, Drawing & Art Supplies"
109,Painting
109,Paint Finishes
110,Sewing
110,Trim & Embellishments
110,Piping
111,Crafting
111,Paper & Paper Crafts
111,Paper
111,Construction Paper
112,Printmaking
112,Relief & Block Printing Materials
113,Beading & Jewelry Making
113,Beading Supplies
113,Fuse & Perler Beads
114,Printmaking
114,Printing Presses & Accessories
115,Crafting
115,Craft Supplies
116,Sewing
116,Trim & Embellishments
116,Appliques & Decorative Patches
116,Decorative Patches
117,Beading & Jewelry Making
117,Beading Supplies
117,Fuse & Perler Beads
118,Crafting
118,Paper & Paper Crafts
118,Paper
119,Crafting
119,Paper & Paper Crafts
119,Paper
119,Construction Paper
120,Crafting
120,Paper & Paper Crafts
120,Paper
120,Construction Paper
121,Crafting
121,Craft Supplies
122,Crafting
122,Weaving & Spinning
122,Weaving Looms
123,Printmaking
123,Printing Presses & Accessories
124,Crafting
124,Paper & Paper Crafts
124,Paper
124,Construction Paper
125,Crafting
125,Paper & Paper Crafts
125,Paper
125,Construction Paper
126,"Painting, Drawing & Art Supplies"
126,Drawing
126,Drawing Media
126,Crayons
127,Crafting
127,Paper & Paper Crafts
127,Paper
127,Construction Paper
128,Crafting
128,Craft Supplies
128,Pipe Cleaners
129,Crafting
129,Paper & Paper Crafts
129,Paper
129,Construction Paper
130,Crafting
130,Paper & Paper Crafts
130,Paper
130,Construction Paper
131,"Painting, Drawing & Art Supplies"
131,Drawing
131,Drawing Media
131,Crayons
132,Crafting
132,Paper & Paper Crafts
132,Paper
132,Construction Paper
133,Crafting
133,Paper & Paper Crafts
133,Paper
133,Construction Paper
134,Crafting
134,Craft Supplies
134,Pipe Cleaners
135,"Painting, Drawing & Art Supplies"
135,Painting
135,"Paint Pens, Markers & Daubers"
135,Pens & Markers
136,Beading & Jewelry Making
136,Beading Supplies
136,Fuse & Perler Beads
137,Printmaking
137,Relief & Block Printing Materials
138,Crafting
138,Paper & Paper Crafts
138,Paper
138,Decorative Paper
139,Crafting
139,Paper & Paper Crafts
139,Paper Craft Tools
140,Beading & Jewelry Making
140,Beads & Bead Assortments
141,Crafting
141,Paper & Paper Crafts
141,Paper
141,Construction Paper
142,"Painting, Drawing & Art Supplies"
142,Drawing
142,Drawing Media
142,Pencils
143,"Painting, Drawing & Art Supplies"
143,Painting
143,Kits
144,Crafting
144,Paper & Paper Crafts
144,Paper
144,Construction Paper
145,Crafting
145,Paper & Paper Crafts
145,Paper
145,Construction Paper
146,Beading & Jewelry Making
146,Beading Supplies
146,Fuse & Perler Beads
147,Crafting
147,Paper & Paper Crafts
147,Paper
147,Construction Paper
148,Sewing
148,Trim & Embellishments
148,Appliques & Decorative Patches
148,Decorative Patches
149,Crafting
149,Craft Supplies
149,Cutting Tools
149,Art Knives & Blades
150,Crafting
150,Paper & Paper Crafts
150,Paper
150,Parchment
151,Sewing
151,Trim & Embellishments
151,Appliques & Decorative Patches
151,Decorative Patches
152,Home Decor
152,Window Treatments
152,Window Stickers & Films
152,Window Films
153,Furniture
153,Kids' Furniture
153,Tables & Chairs
153,Tables
154,Home Decor
154,Kids' Room Decor
155,Bedding
155,Kids' Bedding
155,Comforters & Sets
155,Comforter Sets
156,Bedding
156,Kids' Bedding
156,Blankets & Throws
156,Throws
157,Home Decor
157,Kids' Room Decor
157,Wall Decor
158,Home Decor
158,Kids' Room Decor
158,Window Treatments
158,Curtain Panels
159,Furniture
159,Kids' Furniture
159,Chairs & Seats
159,Armchairs
160,Power & Hand Tools
160,Power Tool Parts & Accessories
160,Power Rotary Tool Parts & Accessories
160,Attachments
161,Lighting & Ceiling Fans
161,Wall Lights
161,Night Lights
162,Furniture
162,Kids' Furniture
162,Chairs & Seats
162,Folding Chairs
163,Home Decor
163,Candles & Holders
163,Candles
163,Specialty Candles
163,Birthday Candles
164,Kitchen & Dining
164,Storage & Organization
164,Travel & To-Go Food Containers
164,Lunch Bags
165,Home Decor
165,Kids' Room Decor
166,Home Decor
166,Home Decor Accents
166,Decorative Accessories
166,Decorative Boxes
167,Home Decor
167,Candles & Holders
167,Candles
167,Specialty Candles
167,Birthday Candles
168,Bedding
168,Kids' Bedding
168,Blankets & Throws
169,Furniture
169,Kids' Furniture
169,Chairs & Seats
169,Stools
170,Home Decor
170,Kids' Room Decor
170,Wall Decor
171,Home Decor
171,Candles & Holders
171,Candles
171,Specialty Candles
171,Birthday Candles
172,Furniture
172,Kids' Furniture
173,Bedding
173,Kids' Bedding
173,Comforters & Sets
173,Comforter Sets
174,Bedding
174,Kids' Bedding
174,Comforters & Sets
174,Comforter Sets
175,Furniture
175,Kids' Furniture
175,Tables & Chairs
175,Tables
176,Home Decor
176,Window Treatments
176,Window Stickers & Films
176,Window Films
177,Home Decor
177,Kids' Room Decor
177,Rugs
178,Kids' Home Store
179,Bedding
179,Kids' Bedding
179,Comforters & Sets
179,Comforter Sets
180,Home Decor
180,Kids' Room Decor
180,Rugs
181,Furniture
181,Kids' Furniture
182,Furniture
182,Kids' Furniture
182,Chairs & Seats
182,Bean Bags
183,Bedding
183,Kids' Bedding
183,Duvet Covers & Sets
183,Duvet Covers
184,Bedding
184,Kids' Bedding
184,Blankets & Throws
184,Bed Blankets
185,Kitchen & Dining
185,Kitchen Utensils & Gadgets
185,Kitchen Accessories
185,Refrigerator Magnets
186,Kitchen & Dining
186,Storage & Organization
186,Travel & To-Go Food Containers
186,Lunch Boxes
187,Bedding
187,Kids' Bedding
187,Comforters & Sets
187,Comforter Sets
188,Bedding
188,Kids' Bedding
188,Quilts & Sets
188,Quilt Sets
189,Kitchen & Dining
189,Storage & Organization
189,Travel & To-Go Food Containers
189,Lunch Boxes
190,Kitchen & Dining
190,Storage & Organization
190,Travel & To-Go Food Containers
190,Lunch Boxes
191,Kitchen & Dining
191,Storage & Organization
191,Travel & To-Go Food Containers
191,Lunch Boxes
192,Kitchen & Dining
192,Small Appliances
192,Ovens & Toasters
192,Toasters
193,Bedding
193,Kids' Bedding
193,Blankets & Throws
194,Kitchen & Dining
194,Kitchen Utensils & Gadgets
194,Specialty Tools & Gadgets
194,Ice Pop Molds
195,Home Decor
195,Candles & Holders
195,Candles
195,Specialty Candles
195,Birthday Candles
196,Home Decor
196,Kids' Room Decor
196,Lamps & Lighting
197,Bedding
197,Kids' Bedding
197,Comforters & Sets
197,Comforter Sets
198,Home Decor
198,Home Decor Accents
199,Kitchen & Dining
199,Storage & Organization
199,Travel & To-Go Food Containers
199,Lunch Boxes
200,Kitchen & Dining
200,Storage & Organization
200,Travel & To-Go Food Containers
200,Lunch Boxes
201,Home Decor
201,Home Decor Accents
201,Decorative Accessories
201,Decorative Bottles
202,Bedding
202,Kids' Bedding
202,Comforters & Sets
202,Comforter Sets
203,Bedding
203,Kids' Bedding
203,Sheets & Pillowcases
203,Sheet & Pillowcase Sets
204,Kitchen & Dining
204,Storage & Organization
204,Travel & To-Go Food Containers
204,Lunch Boxes
205,Furniture
205,Kids' Furniture
205,Chairs & Seats
205,Bean Bags
206,Bedding
206,Kids' Bedding
206,Sheets & Pillowcases
206,Sheet & Pillowcase Sets
207,Kitchen & Dining
207,Storage & Organization
207,Travel & To-Go Food Containers
207,Lunch Boxes
208,Event & Party Supplies
208,Decorations
208,Banners & Garlands
209,Bedding
209,Kids' Bedding
209,Quilts & Sets
209,Quilt Sets
210,Furniture
210,Bedroom Furniture
210,"Beds, Frames & Bases"
210,Headboards & Footboards
210,Headboards
211,Bedding
211,Kids' Bedding
211,Comforters & Sets
211,Comforter Sets
212,Bedding
212,Kids' Bedding
212,Sheets & Pillowcases
212,Pillowcases
213,Home Decor
213,Window Treatments
213,Window Stickers & Films
213,Window Films
214,Kitchen & Dining
214,Bakeware
214,Cake Pans
214,Specialty & Novelty Cake Pans
215,Furniture
215,Kids' Furniture
216,Bedding
216,Kids' Bedding
216,Comforters & Sets
216,Comforter Sets
217,Bedding
217,Kids' Bedding
217,Sheets & Pillowcases
217,Sheet & Pillowcase Sets
218,Bedding
218,Kids' Bedding
218,Blankets & Throws
219,Event & Party Supplies
219,Decorations
219,Banners & Garlands
220,Event & Party Supplies
220,Decorations
220,Tablecovers
221,Furniture
221,Kids' Furniture
221,Chairs & Seats
221,Bean Bags
222,Event & Party Supplies
222,Decorations
222,Tablecovers
223,Event & Party Supplies
223,Hats
224,Office & School Supplies
225,Office & School Supplies
225,Paper
225,Notebooks & Writing Pads
225,Chart Tablets
226,Office & School Supplies
226,Education & Crafts
226,Early Childhood Education Materials
227,Office & School Supplies
227,Education & Crafts
228,Office & School Supplies
228,Education & Crafts
228,Arts & Crafts Supplies
228,Classroom Decorations
228,Wall Cut-Outs
229,Office & School Supplies
229,Education & Crafts
229,Classroom Science Supplies
230,Office & School Supplies
230,Education & Crafts
230,Early Childhood Education Materials
231,Office & School Supplies
231,Education & Crafts
231,Math Materials
232,Office & School Supplies
232,Education & Crafts
233,Office & School Supplies
233,Education & Crafts
233,Students Scissors
234,Office Electronics
234,Printers & Accessories
234,Printer Parts & Accessories
235,Office & School Supplies
235,"Labels, Indexes & Stamps"
235,Identification Badges & Supplies
235,Badge Lanyards
236,Office & School Supplies
236,Writing & Correction Supplies
236,Pencils
236,Wooden Colored Pencils
237,Office & School Supplies
237,Education & Crafts
237,Early Childhood Education Materials
238,Office & School Supplies
238,Education & Crafts
238,Early Childhood Education Materials
239,Office & School Supplies
239,Education & Crafts
239,Teaching Materials
239,Awards & Incentives Supplies
240,Office & School Supplies
240,Paper
240,Notebooks & Writing Pads
240,Subject Notebooks
241,Office & School Supplies
241,Education & Crafts
241,Students Scissors
242,Office & School Supplies
242,Writing & Correction Supplies
242,Markers & Highlighters
243,Office & School Supplies
243,Education & Crafts
243,Teaching Materials
244,Office & School Supplies
244,Education & Crafts
244,Arts & Crafts Supplies
244,Classroom Decorations
244,Banners
245,Office & School Supplies
245,Education & Crafts
245,Students Scissors
246,Office & School Supplies
246,Education & Crafts
246,Early Childhood Education Materials
247,Office & School Supplies
247,Education & Crafts
247,Teaching Materials
247,Awards & Incentives Supplies
248,Office & School Supplies
248,Education & Crafts
248,Students Scissors
249,Office & School Supplies
249,Education & Crafts
249,Early Childhood Education Materials
250,Office & School Supplies
250,Education & Crafts
250,Early Childhood Education Materials
251,Office & School Supplies
251,Education & Crafts
251,Students Scissors
252,Office & School Supplies
252,Education & Crafts
252,Arts & Crafts Supplies
252,Classroom Decorations
252,Borders & Trimmers
253,Furniture
253,Home Office Furniture
253,Bookcases
254,Office & School Supplies
254,Desk Accessories & Workspace Organizers
254,Paperweights
255,Office & School Supplies
255,Education & Crafts
255,Early Childhood Education Materials
256,Office & School Supplies
256,Education & Crafts
256,Early Childhood Education Materials
257,Office & School Supplies
257,Education & Crafts
257,Early Childhood Education Materials
258,Office & School Supplies
258,Writing & Correction Supplies
258,Erasers & Correction Products
258,Erasers
258,Standard Pencil Erasers
259,Furniture
259,Home Office Furniture
259,Bookcases
260,Furniture
260,Home Office Furniture
260,Home Office Furniture Sets
261,Office & School Supplies
261,Education & Crafts
261,Early Childhood Education Materials
262,Office & School Supplies
262,Education & Crafts
262,Arts & Crafts Supplies
262,Classroom Decorations
262,Borders & Trimmers
263,Furniture
263,Home Office Furniture
263,Bookcases
264,Office & School Supplies
264,Education & Crafts
264,Students Scissors
265,Office & School Supplies
265,Education & Crafts
265,Teaching Materials
266,Office & School Supplies
266,Education & Crafts
266,Classroom Science Supplies
267,Office & School Supplies
267,Desk Accessories & Workspace Organizers
267,Desk Supplies Holders & Dispensers
267,Self-Stick Note Pad Holders
268,Office & School Supplies
268,Education & Crafts
268,Math Materials
269,Office & School Supplies
269,"Labels, Indexes & Stamps"
269,Identification Badges & Supplies
269,Badge Lanyards
270,Office & School Supplies
271,Office & School Supplies
271,Paper
271,Cards & Card Stock
271,Greeting Cards
272,"Foot, Hand & Nail Care"
272,Nail Art & Polish
272,Nail Art Accessories
272,Nail Art Equipment
273,"Foot, Hand & Nail Care"
273,Tools & Accessories
273,Sets & Kits
274,"Foot, Hand & Nail Care"
274,Tools & Accessories
274,Nail Tools
274,Nail Clippers
275,Makeup
275,Makeup Sets
276,Tools & Accessories
276,Makeup Brushes & Tools
276,Eye
276,False Eyelashes & Adhesives
277,"Foot, Hand & Nail Care"
277,Nail Art & Polish
277,Nail Art Accessories
277,Glitters
278,Makeup
278,Makeup Sets
279,Hair Care
279,"Extensions, Wigs & Accessories"
279,Hair Extensions
280,Hair Care
280,"Extensions, Wigs & Accessories"
280,Wigs
281,Skin Care
281,Lip Care
281,Balms & Moisturizers
282,Personal Care
282,Bath & Bathing Accessories
282,Bath
282,Bath Bombs
283,Costumes & Accessories
283,Kids & Baby
283,Girls
283,Costumes
284,Costumes & Accessories
284,Kids & Baby
284,Boys
284,Costumes
285,Novelty & More
285,Clothing
285,Novelty
285,Men
285,Shirts
285,T-Shirts
286,Men
286,Accessories
286,"Wallets, Card Cases & Money Organizers"
286,Wallets
287,Costumes & Accessories
287,Women
287,Wigs
288,Costumes & Accessories
288,Kids & Baby
288,Girls
288,Costumes
289,Costumes & Accessories
289,Women
289,Costumes & Cosplay Apparel
289,Costumes
290,Costumes & Accessories
290,Men
290,Accessories
290,Headwear
291,Costumes & Accessories
291,Kids & Baby
291,Girls
291,Costumes
292,Costumes & Accessories
292,Men
292,Accessories
293,Costumes & Accessories
293,Women
293,Costumes & Cosplay Apparel
293,Costumes
294,Costumes & Accessories
294,Kids & Baby
294,Girls
294,Costumes
295,Costumes & Accessories
295,Women
295,Costumes & Cosplay Apparel
295,Costumes
296,Costumes & Accessories
296,Women
296,Costumes & Cosplay Apparel
296,Costumes
297,Costumes & Accessories
297,Kids & Baby
297,Girls
297,Costumes
298,Costumes & Accessories
298,Men
298,Masks
299,Costumes & Accessories
299,Men
299,Costumes & Cosplay Apparel
299,Costumes
300,Luggage & Travel Gear
300,Backpacks
301,Costumes & Accessories
301,Kids & Baby
301,Girls
301,Costumes
302,Costumes & Accessories
302,Kids & Baby
302,Baby
302,Baby Girls
303,Costumes & Accessories
303,Kids & Baby
303,Girls
303,Costumes
304,Dolls & Accessories
304,Doll Accessories
304,Clothing & Shoes
305,Costumes & Accessories
305,Kids & Baby
305,Baby
305,Baby Boys
306,Stuffed Animals & Plush Toys
306,Stuffed Animal Clothing & Accessories
307,Costumes & Accessories
307,Kids & Baby
307,Boys
307,Costumes
308,Costumes & Accessories
309,Costumes & Accessories
309,Kids & Baby
309,Boys
309,Costumes
310,Costumes & Accessories
310,Men
310,Masks
311,Costumes & Accessories
311,Women
311,Costumes & Cosplay Apparel
311,Costumes
312,Costumes & Accessories
312,Kids & Baby
312,Boys
312,Costumes
313,Costumes & Accessories
313,Kids & Baby
313,Girls
313,Costumes
314,Costumes & Accessories
314,Women
314,Costumes & Cosplay Apparel
314,"Robes, Capes & Jackets"
315,Costumes & Accessories
315,Women
315,Accessories
316,Costumes & Accessories
316,Kids & Baby
316,Boys
316,Accessories
317,Costumes & Accessories
317,Men
317,Accessories
317,Headwear
318,Costumes & Accessories
318,Kids & Baby
318,Boys
318,Costumes
319,Novelty & More
319,Clothing
319,Novelty
319,Women
319,Accessories
319,Keychains
320,Costumes & Accessories
320,Women
320,Costumes & Cosplay Apparel
320,Costumes
321,Costumes & Accessories
321,Kids & Baby
321,Girls
321,Costumes
322,Costumes & Accessories
322,Women
322,Accessories
322,Headwear
323,Costumes & Accessories
323,Men
323,Masks
324,Costumes & Accessories
324,Kids & Baby
324,Girls
324,Costumes
325,Costumes & Accessories
325,Women
325,Accessories
325,Headwear
326,Novelty & More
326,Clothing
326,Novelty
326,Women
326,Accessories
326,Keychains
327,Costumes & Accessories
327,Kids & Baby
327,Girls
327,Accessories
328,Costumes & Accessories
328,Kids & Baby
328,Boys
328,Costumes
329,Costumes & Accessories
329,Kids & Baby
329,Boys
329,Costumes
330,Costumes & Accessories
330,Men
330,Accessories
330,Headwear
331,Costumes & Accessories
331,Kids & Baby
331,Girls
331,Accessories
332,Costumes & Accessories
332,Kids & Baby
332,Girls
332,Costumes
333,Novelty & More
333,Clothing
333,Novelty
333,Men
333,Shirts
333,T-Shirts
334,Costumes & Accessories
334,Kids & Baby
334,Girls
334,Accessories
335,Costumes & Accessories
335,Women
335,Costumes & Cosplay Apparel
335,Bottoms
336,Costumes & Accessories
336,Women
336,Masks
337,Women
337,Accessories
337,"Wallets, Card Cases & Money Organizers"
337,Wallets
338,Costumes & Accessories
338,Kids & Baby
338,Girls
338,Costumes
339,Costumes & Accessories
339,Kids & Baby
339,Girls
339,Costumes
340,Luggage & Travel Gear
340,Backpacks
340,Kids' Backpacks
341,Costumes & Accessories
341,Kids & Baby
341,Boys
341,Costumes
342,Costumes & Accessories
342,Men
342,Masks
343,Costumes & Accessories
343,Kids & Baby
343,Girls
343,Costumes
344,Costumes & Accessories
344,Women
344,Costumes & Cosplay Apparel
344,Costumes
345,Costumes & Accessories
345,Kids & Baby
345,Girls
345,Costumes
346,Costumes & Accessories
346,Kids & Baby
346,Baby
346,Baby Boys
347,Costumes & Accessories
347,Men
347,Accessories
347,Headwear
348,Costumes & Accessories
348,Women
348,Accessories
348,Headwear
349,Costumes & Accessories
349,Kids & Baby
349,Boys
349,Accessories
350,Novelty & More
350,Clothing
350,Novelty
350,Men
350,Accessories
350,Keychains
351,Luggage & Travel Gear
351,Backpacks
351,Kids' Backpacks
352,Costumes & Accessories
352,Men
352,Masks
353,Costumes & Accessories
353,Kids & Baby
353,Boys
353,Costumes
354,Costumes & Accessories
354,Kids & Baby
354,Girls
354,Costumes
355,Costumes & Accessories
355,Women
355,Costumes & Cosplay Apparel
355,Costumes
356,Costumes & Accessories
356,Kids & Baby
356,Boys
356,Costumes
357,Costumes & Accessories
357,Kids & Baby
357,Girls
357,Costumes
358,Costumes & Accessories
358,Men
358,Accessories
358,Accessory Sets
359,Costumes & Accessories
359,Kids & Baby
359,Girls
359,Costumes
360,Costumes & Accessories
360,Women
360,Costumes & Cosplay Apparel
360,Bottoms
361,Costumes & Accessories
361,Men
361,Costumes & Cosplay Apparel
361,Costumes
362,Costumes & Accessories
362,Kids & Baby
362,Girls
362,Costumes
363,Dolls & Accessories
363,Doll Accessories
363,Clothing & Shoes
364,Costumes & Accessories
364,Kids & Baby
364,Girls
364,Accessories
365,Costumes & Accessories
365,Kids & Baby
365,Girls
365,Costumes
366,Costumes & Accessories
366,Men
366,Costumes & Cosplay Apparel
366,Costumes
367,Costumes & Accessories
367,Kids & Baby
367,Girls
367,Costumes
368,Costumes & Accessories
368,Women
368,Costumes & Cosplay Apparel
368,Costumes
369,Costumes & Accessories
369,Women
369,Costumes & Cosplay Apparel
369,Costumes
370,Costumes & Accessories
370,Men
370,Costumes & Cosplay Apparel
370,Costumes
371,Dolls & Accessories
371,Doll Accessories
371,Clothing & Shoes
372,Costumes & Accessories
372,Men
372,Costumes & Cosplay Apparel
372,Costumes
373,Luggage & Travel Gear
373,Umbrellas
373,Stick Umbrellas
374,Costumes & Accessories
374,Kids & Baby
374,Girls
374,Costumes
375,Costumes & Accessories
375,Kids & Baby
375,Girls
375,Costumes
376,Costumes & Accessories
376,Men
376,Costumes & Cosplay Apparel
376,Costumes
377,Costumes & Accessories
377,Kids & Baby
377,Boys
377,Costumes
378,Costumes & Accessories
378,Women
378,Costumes & Cosplay Apparel
378,Costumes
379,Costumes & Accessories
379,Women
379,Costumes & Cosplay Apparel
379,Costumes
380,Novelty & More
380,Clothing
380,Novelty
380,Women
380,Tops & Tees
380,T-Shirts
381,Costumes & Accessories
381,Women
381,Costumes & Cosplay Apparel
381,Costumes
382,Novelty & More
382,Clothing
382,Novelty
383,Costumes & Accessories
383,Kids & Baby
383,Boys
383,Costumes
384,Costumes & Accessories
384,Women
384,Costumes & Cosplay Apparel
384,Costumes
385,Costumes & Accessories
385,Kids & Baby
385,Baby
385,Baby Girls
386,Costumes & Accessories
386,Kids & Baby
386,Girls
386,Accessories
387,Girls
387,Clothing
387,"Tops, Tees & Blouses"
387,Tees
388,Costumes & Accessories
388,Men
388,Costumes & Cosplay Apparel
388,Costumes
389,Costumes & Accessories
389,Men
389,Accessories
390,Costumes & Accessories
390,Men
390,Costumes & Cosplay Apparel
390,Costumes
391,Costumes & Accessories
391,Women
391,Costumes & Cosplay Apparel
391,Costumes
392,Costumes & Accessories
392,Kids & Baby
392,Boys
392,Costumes
393,Luggage & Travel Gear
393,Backpacks
393,Kids' Backpacks
394,Costumes & Accessories
394,Women
394,Costumes & Cosplay Apparel
394,Costumes
395,Costumes & Accessories
395,Men
395,Costumes & Cosplay Apparel
395,Costumes
396,Costumes & Accessories
396,Kids & Baby
396,Boys
396,Costumes
397,Costumes & Accessories
397,Men
397,Accessories
398,Costumes & Accessories
398,Women
398,Masks
399,Dogs
399,Training & Behavior Aids
399,Agility Equipment
399,Tunnels
400,Dogs
400,Apparel & Accessories
400,Costumes
401,Dogs
401,Training & Behavior Aids
401,Agility Equipment
401,Tunnels
402,Dogs
402,Apparel & Accessories
402,Costumes
403,Dogs
403,Toys
403,Chew Toys
404,Dogs
404,Apparel & Accessories
404,Costumes
405,Pet Supplies Markdowns
406,Top Selection from AmazonPets
407,Top Selection from AmazonPets
408,Dogs
408,Apparel & Accessories
408,Sweaters
409,Dogs
409,Apparel & Accessories
409,Costumes
410,Dogs
410,Toys
410,Chew Toys
411,Dogs
411,Apparel & Accessories
411,Costumes
412,Cats
412,Toys
412,Catnip Toys
413,Birds
413,Toys
414,Dogs
414,Apparel & Accessories
414,Costumes
415,Outdoor Decor
415,Backyard Birding & Wildlife
415,Butterflies
416,"Pools, Hot Tubs & Supplies"
416,Cleaning Tools & Chemicals
416,Pool Vacuum Heads
417,Outdoor Decor
417,Yard Signs
418,Patio Furniture & Accessories
418,Patio Seating
418,Chairs
418,Adirondack Chairs
419,Gardening & Lawn Care
419,Hand Tools
419,Soil Test Kits
420,"Pools, Hot Tubs & Supplies"
420,Cleaning Tools & Chemicals
420,Pool Maintenance Kits
421,Patio Furniture & Accessories
421,Patio Seating
421,Chairs
421,Patio Dining Chairs
422,Patio Furniture & Accessories
422,Tables
422,Dining Tables
423,"Pools, Hot Tubs & Supplies"
424,"Pools, Hot Tubs & Supplies"
424,Parts & Accessories
424,Safety Products
425,Gardening & Lawn Care
425,Watering Equipment
425,Watering Cans
426,Outdoor Decor
426,Garden Sculptures & Statues
426,Wind Sculptures & Spinners
427,Nursery
427,Decor
427,Window Treatments
427,Valances
428,Nursery
428,Decor
428,Wall Decor
428,Growth Charts
429,Baby Care
429,"Pacifiers, Teethers & Teething Relief"
429,Teethers
430,Nursery
430,Decor
430,Wall Decor
430,Stickers
431,Activity & Entertainment
431,"Bouncers, Jumpers & Swings"
432,Nursery
432,Furniture
432,Cribs & Nursery Beds
432,Toddler Beds
433,Strollers & Accessories
433,Accessories
433,Travel Carry Bags
434,Activity & Entertainment
434,"Bouncers, Jumpers & Swings"
434,Bouncers
435,Nursery
435,Decor
435,Wall Decor
435,Growth Charts
436,Nursery
436,Decor
436,Wall Decor
436,Stickers
437,Baby Care
437,"Pacifiers, Teethers & Teething Relief"
437,Teethers
438,Nursery
438,Decor
438,Wall Decor
438,Stickers
439,Nursery
439,Decor
439,Wall Decor
439,Wall Plaques
440,Nursery
440,Decor
440,Wall Decor
440,Growth Charts
441,Nursery
441,Furniture
441,Storage & Organization
441,Toy Chests & Organizers
442,Nursery
442,Decor
442,Wall Decor
442,Wall Plaques
443,Nursery
443,Bedding
443,Toddler Bedding
443,Bedding Sets
444,Nursery
444,Decor
444,Wall Decor
444,Wall Plaques
445,Baby Care
445,"Pacifiers, Teethers & Teething Relief"
445,Teethers
446,Nursery
446,Furniture
446,Storage & Organization
446,Hampers
447,Feeding
447,Solid Feeding
447,Dishes
448,Nursery
448,Furniture
448,Storage & Organization
448,Hampers
449,Nursery
449,Decor
449,Wall Decor
449,Stickers
450,Nursery
450,Decor
450,Wall Decor
450,Stickers
451,Baby Care
451,"Pacifiers, Teethers & Teething Relief"
451,Teethers
452,Activity & Entertainment
452,"Bouncers, Jumpers & Swings"
453,Baby Care
453,"Pacifiers, Teethers & Teething Relief"
453,Teethers
454,Activity & Entertainment
454,Baby Gyms & Playmats
455,Baby Care
455,"Pacifiers, Teethers & Teething Relief"
455,Teethers
456,Nursery
456,Decor
456,Wall Decor
456,Stickers
457,Nursery
457,Decor
457,Wall Decor
457,Wall Plaques
458,Nursery
458,Decor
458,Door Hangers
459,Feeding
460,Nursery
460,Decor
460,Wall Decor
460,Stickers
461,Baby Care
461,"Pacifiers, Teethers & Teething Relief"
461,Teethers
462,Nursery
462,Furniture
462,Storage & Organization
462,Hampers
463,Nursery
463,Furniture
463,Storage & Organization
463,Hampers
464,Nursery
464,Decor
464,Wall Decor
464,Stickers
465,Baby Care
465,"Pacifiers, Teethers & Teething Relief"
465,Teethers
466,Baby Care
466,"Pacifiers, Teethers & Teething Relief"
466,Teethers
467,Baby Care
467,"Pacifiers, Teethers & Teething Relief"
467,Teethers
468,Feeding
468,Bottle-Feeding
468,Bottles
469,Baby Care
469,"Pacifiers, Teethers & Teething Relief"
469,Teethers
470,Baby Care
470,"Pacifiers, Teethers & Teething Relief"
470,Teethers
471,Nursery
471,Furniture
471,Storage & Organization
471,Hampers
472,Nursery
472,Decor
472,Wall Decor
472,Growth Charts
473,Baby Care
473,"Pacifiers, Teethers & Teething Relief"
473,Teethers
474,Nursery
474,Decor
474,Wall Decor
474,Wall Plaques
475,Nursery
475,Decor
475,Wall Decor
475,Stickers
476,Baby Care
476,"Pacifiers, Teethers & Teething Relief"
476,Teethers
477,Nursery
477,Decor
477,Wall Decor
477,Stickers
478,Baby Care
478,"Pacifiers, Teethers & Teething Relief"
478,Teethers
479,Activity & Entertainment
479,Walkers
480,Nursery
480,Decor
480,Wall Decor
480,Wall Plaques
481,Nursery
481,Decor
481,Window Treatments
481,Valances
482,Baby Care
482,"Pacifiers, Teethers & Teething Relief"
482,Teethers
483,Nursery
483,Decor
483,Window Treatments
483,Valances
484,Nursery
484,Decor
484,Wall Decor
484,Wall Plaques
485,Baby Care
485,"Pacifiers, Teethers & Teething Relief"
485,Teethers
486,Nursery
486,Decor
486,Wall Decor
486,Wall Plaques
487,Nursery
487,Decor
487,Wall Decor
487,Stickers
488,Nursery
488,Decor
488,Wall Decor
488,Wall Plaques
489,Nursery
489,Furniture
489,Storage & Organization
489,Toy Chests & Organizers
490,Baby Care
490,"Pacifiers, Teethers & Teething Relief"
490,Teethers
491,Nursery
491,Decor
491,Window Treatments
491,Valances
492,Nursery
492,Decor
492,Wall Decor
492,Stickers
493,Baby Care
493,"Pacifiers, Teethers & Teething Relief"
493,Teethers
494,Nursery
494,Decor
494,Wall Decor
494,Wall Plaques
495,Nursery
495,Decor
495,Wall Decor
495,Wall Plaques
496,Activity & Entertainment
496,Walkers
497,Nursery
497,Decor
497,Wall Decor
497,Wall Plaques
498,Nursery
498,Decor
498,Wall Decor
498,Stickers
499,Nursery
499,Decor
499,Wall Decor
499,Wall Plaques
