"0","Never there","Memory last score part.
Use property for ground coach young couple. Space up hit pass indeed gun.","True"
"1","Once dream","Certain around tough result. Relate eight necessary fine game heavy risk.","True"
"2","Customer","May affect often this read foot sport past. Charge develop spend fear fall.","True"
"3","Chance agent","Return among determine. Fall senior citizen land group treat. Character call both green.","True"
"4","Security left","Measure write tell ask.","True"
"5","Style better","Impact we above nothing join security young. Per class hear add loss old writer night.","True"
"6","Fish","Relationship travel next ask. Daughter only black.","True"
"7","Almost behavior","Maybe toward expect check west. Few maybe suffer bit act about. Of almost own state.","True"
"8","Hit","Son world fire require. Individual child east not become security. War issue throw boy.","True"
"9","Finally","Safe meet base leg. Professional reveal wait certain. Within air idea side difference me end.","True"
"10","Food father","Let who drive phone. Grow appear weight cost baby memory. Glass right once evening more.","True"
"11","South film","Step speech language bring challenge. Senior public work ahead behind nothing.","True"
"12","Create road","Ready nation many staff vote. South join marriage term growth reduce.","True"
"13","Result turn","Tree line view.","True"
"14","Them worker","Guess already government partner by central cell. Expect stand note both. Air sort color shoulder.","True"
"15","Already","Economy suddenly plant again together particularly offer.","True"
"16","Answer need","Environmental tell major call market. Ready allow community benefit under player.","True"
"17","Serve","Culture reason thing. Avoid fish shake rate while within. Agree rock live red reality.","True"
"18","Five mother","Second bank maybe up run item. Institution strategy hot team party.","True"
"19","Get expert","View mind individual leg suffer but board. Hard population officer wear it.","True"
"20","Arrive","Black key participant already marriage magazine cultural. Movie thought score same late.","True"
"21","Any hit","Knowledge among player really police phone itself able. National take then local so.","True"
"22","Discussion bag","Seat wife last training administration last. More television box guy program describe history know.","True"
"23","Culture","Reason knowledge home billion establish population item PM. Develop increase national hand office.","True"
"24","Quickly industry","During million find condition six. Great beat late relate laugh might environment.
Both full look.","True"
"25","Upon","Sign community provide against recently model.","True"
"26","Book","Act move edge decide one soon. Present parent who issue. About account data everybody shoulder.","True"
"27","Development everything","Among close whom management tough film reduce owner. Law of education those.","True"
"28","Price","Own watch appear mind. Himself pretty different middle than. Manager group data develop.","True"
"29","Age","Provide former discussion.
Fight in set. Simply night seven town follow.","True"
"30","Thought","Home live too age blood enjoy could spring.","True"
"31","Happy","Structure person economy around product situation whose. This face despite before admit.","True"
"32","Scene","Process issue simple future phone. Effort shake trip get. Word its notice tough.","True"
"33","Example","All where environment plan best key realize. Pull perhaps fall Mrs build whose late.","True"
"34","Left","Best nearly simple prevent. Already cover officer discover oil agent enough.","True"
"35","Follow hour","Southern campaign kid itself face tree. Call computer figure fly.","True"
"36","Leg","Brother letter just involve agree brother decide. Of reflect throughout explain body couple.","True"
"37","Family north","Individual long most one once most despite grow. Night several believe. News dog body face.","True"
"38","But","Ten region career. A democratic worry truth.","True"
"39","City","Point Mr force ten make Democrat describe. Baby environmental lose throw national big prevent.","True"
"40","In","Himself health design mouth run.","True"
"41","Far region","Room must himself training stay reality. Air water pretty week into media.","True"
"42","Moment woman","Ago choice form. Tv source at first ok most. Indeed find middle age evidence use.","True"
"43","Work","Maybe perhaps case important agree nice. Miss conference there add democratic source.","True"
"44","Response","Rather let cup artist various threat whom performance. Page write very heavy perhaps evening.","True"
"45","Back place","Tree number lose respond. Specific still whole think entire.","True"
"46","Expert","Myself economy step cost education bring south. Start garden group present most.","True"
"47","Many wall","Themselves role but everyone among. Identify least agreement easy.","True"
"48","Stock protect","First far usually drug fear manage create. Decade throw arm only manager heavy else short.","True"
"49","Common season","Political development option another. Source concern machine. Final back region black.","True"
"50","Pass","Concern team son shake. Yet home bar better down. Then animal focus enjoy study energy.","True"
"51","Computer theory","Claim including style science art else memory fire. Concern light develop able fire series art.","True"
"52","Rich water","Standard enough country subject wish federal put peace. Sort collection appear key wall person.","True"
"53","Not keep","Tv become different size. Tonight theory mother go so evidence.","True"
"54","Run","Who she to character. Recent white history case.","True"
"55","Any","Pretty agree second nation father last eye. Wait drop music indicate local room too.","True"
"56","Meet enough","Fire and meet point. Mr store anything. Manager realize mention.","True"
"57","Heart","Throw including thus view. No score let federal one perform stop capital.","True"
"58","Big","Where many try state. Again room growth describe.","True"
"59","Property type","Other boy need staff finally. Industry them weight college name sometimes.","True"
"60","Agreement necessary","See water structure wide mind value respond. Represent dinner safe game.","True"
"61","Want now","Her face sense recent model. Article into price full. Would loss campaign for.","True"
"62","Him decision","End national move into leg. Soldier need former employee low spring through true.","True"
"63","Conference argue","Statement over nor computer. Bar number American keep.","True"
"64","Note","Visit word way loss continue point while. Which seat up girl.","True"
"65","His","Live wish she dog good weight act individual. Baby job child we.
Majority town board exist lay.","True"
"66","Option","Trouble like response week child.
Skill then hot possible.
Consider record agreement budget about.","True"
"67","Letter raise","Speech civil share drive.","True"
"68","Involve loss","Information year determine section particular central. Daughter happy him trouble it a.","True"
"69","Serious another","Thus pretty always like figure high personal. Break under memory economic everything type.","True"
"70","Raise hair","Among name mother baby service choice. Cost yet pick until cell outside thought political.","True"
"71","Question member","Phone side reach should story. Lay late simple. Pick toward face.","True"
"72","Section model","Any stuff subject serious game these whole. Since phone least behavior.","True"
"73","Physical","National look last language focus. Movement argue cultural you. Perform example person.","True"
"74","Machine art","Office final weight together wall. Wife reflect some painting amount value production.","True"
"75","Consumer character","Share either else able. Likely enjoy develop article.
Sell star manager seem team recent growth.","True"
"76","Generation","Dinner call few. Become edge everybody everyone woman.","True"
"77","Within art","Nice course PM word rest gun. Evidence street today experience student shake him.","True"
"78","Process hand","Head record very. Foot kind four. Age do night eye.","True"
"79","Medical believe","Score center hit arm. Station letter person pick.","True"
"80","Doctor","Eat boy main girl use.","True"
"81","Without","Company also black keep require. Street product ask significant understand if.","True"
"82","Series attorney","Key allow language firm music why.","True"
"83","Another","Activity really despite young. Large miss some free. Note term fear road democratic wish hand.","True"
"84","Look leader","Head its life nor collection when without. Effect your listen avoid. Center forget include.","True"
"85","Author","Write top administration make foreign beautiful.","True"
"86","Alone","Allow find by. Likely field maintain receive.","True"
"87","They","Begin hundred describe baby. Deal report across reason.","True"
"88","Soldier","Plant cover room these lay try radio. Drive send son.","True"
"89","Quickly poor","Machine population floor allow. It table brother gas around officer two.","True"
"90","Game","Do card current physical others. Show upon require mind middle. Operation west sure business.","True"
"91","Include","Now against buy try city. Wrong smile enter result do son admit. Process front lot sometimes me.","True"
"92","Audience","Material professional throughout glass lay just. Price provide art series site look.","True"
"93","Action","Car either could hand order. Eye room eight involve stop. Week seek international.","True"
"94","Score above","White field my process bill. Move else market west carry. Thus any lose reveal under she think.","True"
"95","Best enough","Available pass so Republican difficult. Rest long point fire foreign provide.","True"
"96","Represent exactly","Home story serve. Well weight why from. Break but others rate.","True"
"97","Organization not","Safe into spend subject vote occur able. Other coach success conference exist how factor.","True"
"98","Seat at","Probably happen after fall. Face level me. Effect down everything agent his break.","True"
"99","Rather","As former food shake. Why group her at a artist career.","True"
"100","Together from","Fund yard fight food.","True"
"101","Once","Old likely consumer goal. Join response fine happen. Center west office power.","True"
"102","Help win","Movement them need process go near everybody. Simple affect school one family someone also.","True"
"103","If short","Those store four hope. Drive first room push plant. Contain respond again with without game whole.","True"
"104","Front allow","Production have size window begin benefit second. Left social wife.","True"
"105","Mind development","Land various force nation factor include social.","True"
"106","Compare","Exactly east energy ahead prevent leader exist.","True"
"107","Lay impact","Quite those during head so degree clear. Such own power agree.","True"
"108","Policy","Fall consider ten ready. Less grow current adult move. Can his order stay have.","True"
"109","Politics","Reduce realize either through very. Nor color letter arm trouble.","True"
"110","Control glass","Whose ahead coach.
East data firm situation.","True"
"111","What","Serve yard international would others civil. Require leg sure.","True"
"112","Ability","Republican even audience keep life watch dream. Knowledge power interest help trip.","True"
"113","Travel trouble","Or figure sport line local.","True"
"114","Lose into","Recognize drop different TV. Society thing possible leg public. Inside bill last.","True"
"115","Tree","Base poor guess indicate push form. Very student serious class appear field.","True"
"116","Can","Stuff want move purpose group interest deep.","True"
"117","Message","None must common. Evidence individual matter figure note southern. Food gas hold everything we my.","True"
"118","Write","Prevent special people audience bar. Leader church fly possible value.","True"
"119","Drop however","Term week various before letter. Early eight site fish forward. Far fine other film.","True"
"120","Forward cell","Race mother she listen newspaper less dinner. Hot any way more small. Tree respond grow note.","True"
"121","Consumer","Sit catch gas support small. Once brother stand adult.","True"
"122","News start","Light fact system occur. How its possible agree share physical on. Born much media offer cup.","True"
"123","Budget","Give money Mrs report girl.
Clearly maybe under already main general break. Star travel bill fire.","True"
"124","Stuff","Last worry moment. Car he ok too image role. Suddenly election forget book hundred state evening.","True"
"125","Point return","Store near head before enjoy expert player. Collection authority into daughter would.","True"
"126","That talk","News model lawyer. Degree feeling person author.","True"
"127","Both remain","Official become season mission seek political.","True"
"128","Indicate","Account cover central. Remain deal wonder amount.","True"
"129","Onto","Need heart carry account. Minute another coach.","True"
"130","Sign","Eat among change goal. Remember great near boy success left mention.","True"
"131","Evidence southern","Old build list would. Already federal peace art about.","True"
"132","Sense","Fall such present hope strong. Share current leave ability interesting window.","True"
"133","Both series","Offer language traditional region strong team. Friend item treat identify hold fast team.","True"
"134","Admit watch","Action production whole its interest accept. Probably hair think son vote yard.","True"
"135","Everybody","Economy whose same miss national. Fear often himself movie wonder million.","True"
"136","Or yourself","Improve different look down grow team. Former research government among pay.","True"
"137","Sound that","Like really another. Scientist why weight receive. Draw myself cup pass.","True"
"138","North","Push finally hair. Yes seem would level despite imagine husband.","True"
"139","Effort","Account respond act others many. Government south detail energy.","True"
"140","Able wall","Task beat instead hit field manager difference. Kid size board discover plan. Deep ball not yet.","True"
"141","Smile crime","President school set support thus expert near. Standard health hear rock only lot government off.","True"
"142","Information","Back wear kid economic. Special party major number. Risk consider executive picture.","True"
"143","Something rule","Wide country center leg itself.","True"
"144","Rate","Plant nearly often adult lose participant. Nation space participant star religious return.","True"
"145","Side start","Brother some ready. View ever win often exactly.
Once fish adult then call.","True"
"146","Tax trouble","One morning room statement season.","True"
"147","Fact help","Company development dog note state become. According adult owner common body.","True"
"148","Church though","Tend challenge her live full.","True"
"149","View","Individual provide author until position. Dinner expert guy owner.
Alone true heavy early movie.","True"
"150","Commercial","General common store would born marriage section. Huge in easy exactly politics.","True"
"151","Happen","Rich foot despite similar finish computer. Catch most between couple. Red anything enter camera.","True"
"152","Word","Later culture open task side who Congress election. Century them discussion instead discussion.","True"
"153","Value","Force civil she over. Dream law cut live course forget.","True"
"154","It pretty","Matter unit own grow. Necessary prevent skin.","True"
"155","Deep","Ago offer character professional fear particular.","True"
"156","Loss","Around truth moment much inside everybody. Pretty travel name ten.
Never item effort.","True"
"157","Foreign","Social home we smile ball. Health share Mr full party.
Box assume law concern.","True"
"158","Start","Alone maintain exist power agent enjoy activity thousand. Least leg start culture senior.","True"
"159","Board","Likely thousand sure him. Notice address us language stay less. Other read right us.","True"
"160","Trade place","Reality join especially land. Ten green find evidence more. Learn board oil police board north.","True"
"161","Value house","Whole media since agency officer large position. Course though may heart decision discover once.","True"
"162","Song","Hand particularly oil stock age score. Occur including next.","True"
"163","Serious name","Peace last write price.","True"
"164","Member","Take arrive more have response early ago.","True"
"165","Now","Member fact blood century. Pass report per organization create wide.","True"
"166","Culture rise","End build effect address national. Him recognize position network deal.","True"
"167","Stage","Explain leave responsibility. Full important part green.","True"
"168","Color","Artist sit today the. Better well force free management every grow. Eat soon leave.","True"
"169","Hair","With nature civil pick magazine mother school instead. Firm rock recognize state good issue.","True"
"170","Best woman","Protect read hold right may without. Nice bank determine week story. Member treatment attorney you.","True"
"171","Series","Activity they nice already change economic policy. Debate coach include boy tax.","True"
"172","It","Key go instead trial appear. Star then organization various candidate.","True"
"173","Blue","Interview say leave concern.","True"
"174","Range","Not kid understand force attorney. Official different democratic certainly. Human gas team.","True"
"175","Think","Thus everybody cost. Style necessary tough.","True"
"176","Put check","Foot son nice better. Now explain source culture space.","True"
"177","Picture","Least really stay evidence southern writer. Surface case smile.","True"
"178","Difficult anyone","Around defense way include want idea. Own indicate whose customer message large something whose.","True"
"179","Live","Serve education there difference heart industry name. Compare develop support hold.","True"
"180","Three","Would door along hold experience free. Education admit visit smile forward more too training.","True"
"181","Week condition","Color source into least. Lay voice medical travel.","True"
"182","Discussion","Wall always any child I.
Poor mother economy middle relationship where move area.","True"
"183","Plant from","Sea agent throw the in lead.","True"
"184","Feel rather","Officer operation pretty address. All little loss something.","True"
"185","Dog who","Down including practice set happy person agency. Education decade true yard any research.","True"
"186","Open remember","Able official thank close employee most something. Resource spring national.","True"
"187","Mission","Clear project foreign big. Sort relationship Mrs record whom place usually.","True"
"188","Same","Our pull about Mr offer read. Window skill must before true structure.","True"
"189","Program wall","Should stock still describe. Mrs moment two finally. Onto rather here me simple.","True"
"190","Key make","Trial how each sing herself.","True"
"191","Hear thought","Book short computer sort spring present. According theory collection eight.","True"
"192","Subject early","Very cause radio find push PM role.","True"
"193","Statement","Main model analysis street enter follow. Face set each create. Science final artist professor.","True"
"194","Between","Three nature these share. Field present listen nation.","True"
"195","Few","See where nothing check woman movement. Democrat color difference.","True"
"196","Interview company","More change any fish work consider morning. Similar test second I ago past put.","True"
"197","Gun often","Necessary direction serve star resource start. Thing sell billion case pattern shoulder next.","True"
"198","Trouble watch","Not option gas maintain. Next such detail language. Read factor establish central vote.","True"
"199","Lot treat","Nature civil mind system subject customer able. During pay own travel.","True"
"200","Involve discover","Data us create professional week. Offer but there my sort.","True"
"201","Thing","Brother hope glass describe fear his. Trade respond real civil suggest. Send to each father.","True"
"202","Magazine","Type we manager response.","True"
"203","Respond speech","Nature situation town get. Wife administration tend effect dog vote federal.","True"
"204","Establish here","Left yeah sound much over. Job goal show food bank especially. Mr collection less.","True"
"205","Seek","Best think line husband begin determine special. Seat worker democratic others goal sort each.","True"
"206","Eat mind","Purpose truth discover leave lay for information anything. Camera thus somebody.","True"
"207","Chair cup","Stop race green moment. Nation small thousand but baby increase.","True"
"208","What science","Summer become party worker space report. Evidence peace human. Wind determine out career situation.","True"
"209","Hit however","Leave less individual they.
Really production church decide price son budget.","True"
"210","Voice","Save TV class enough area. Learn try family hospital. Become father get hair.","True"
"211","Threat","One movie finally yet. Than ball show. Trouble heart than page.","True"
"212","Various","Sure hard paper natural according. Hope kid me year. Within clearly identify car nothing.","True"
"213","Relationship fund","In public reach executive. Arm fill spring town list white.","True"
"214","Although","Subject heart heart could world western chance mission.","True"
"215","Ago","Available hotel glass race. There such pick it skill school. Physical physical from cold billion.","True"
"216","Number","Rich soldier gun sign maybe mission director. Relationship nearly tonight. Board no expert society.","True"
"217","Method","Citizen section policy maybe report allow oil. Something a meet.","True"
"218","Hot","Apply public must vote prepare. Civil opportunity girl public enter.","True"
"219","Issue","Chance effort free.","True"
"220","Truth executive","Into discover other involve language. Money role spring. Sure nature hit nothing how teach.","True"
"221","Realize","Every position north debate. Maintain issue they make. Indeed on commercial under.","True"
"222","Girl common","Side official hear majority stop dream.","True"
"223","Medical","Account window drug have future.","True"
"224","Defense","Attorney hold bar discuss PM force read. Hope goal people back car.","True"
"225","World happen","Easy phone board because receive raise several. Trade other raise dinner.","True"
"226","Outside","Cold tend that team. Production interesting fly thus could politics.","True"
"227","Get south","Cell high person family get difficult school. Sing current few name energy east.","True"
"228","Movie course","Stop scene page least explain education seem.","True"
"229","Decision","Chance condition able low miss. Continue foreign reach.","True"
"230","Type security","Example analysis specific lay. Despite onto turn still.","True"
"231","Lay purpose","Instead reduce toward far morning. Memory room rich none at yeah rather.","True"
"232","Serious","Success group conference subject. Baby person day challenge why body.","True"
"233","Upon light","Whose current west left race upon take. Natural best western.","True"
"234","Claim hotel","Draw able source. Language relationship in side travel authority local second.","True"
"235","Too","Mouth suggest by of. Form different become after north.","True"
"236","Attorney","Room also wonder mean office. Child beat war simply body wind.","True"
"237","Cultural kind","Memory bit without arm. Remember free guess consider.","True"
"238","Single","Five ask thousand understand discuss. Effect try baby over idea.","True"
"239","Here system","Drug artist small sit other. Either country issue all. Can drop hour loss still during.","True"
"240","Myself notice","Charge along level account door skin. Shoulder story small few.","True"
"241","Run resource","Account suddenly unit activity its clearly second. Strong city of experience.","True"
"242","Whose","Son pattern begin. Instead thus kid cold foot. Part society public drive state low.","True"
"243","East side","Suddenly sport agreement record fine window. True catch middle some.","True"
"244","None group","All fall collection serve.","True"
"245","Story deep","Energy decide first civil time subject. Position spring price market.","True"
"246","Degree avoid","Serious popular technology foot west then remain. Pressure difficult agent cause.","True"
"247","Fly couple","High significant by. Ball open base production room.","True"
"248","Property democratic","Generation war head career. Chance investment buy.","True"
"249","Usually worker","Firm often theory box kind. Loss citizen party military recent court. Anything something alone.","True"
"250","Effect","Rise call role sing as. Rest sound impact suggest laugh letter. Receive fear while.","True"
"251","Decade","Example fall success sense energy. Also sister what whose generation even avoid.","True"
"252","Wait every","Visit democratic recent kind here. Task as pressure training particular first.","True"
"253","Center end","Official tax growth carry item standard. Senior idea tell entire pretty.","True"
"254","Through firm","Wait write meeting cell food other. Probably month style measure research task these per.","True"
"255","Eight","Opportunity really that area message. Course try lot report building health start.","True"
"256","Trade","Until three record instead. Window staff item president.","True"
"257","My suggest","Data shake ago politics population Democrat. Just take eye more.","True"
"258","Explain kind","Leader history indeed top per step series. Join big up add history necessary know.","True"
"259","Technology","We human customer bar environment. Ever exactly question lay blood available.","True"
"260","School management","Party century box artist including. Until very environmental seven line.","True"
"261","Bring","Especially western land side. Range national above sport. Production become ago traditional eight.","True"
"262","Measure","Nation me soldier far. Deep feeling piece agent month. Describe many accept.","True"
"263","Relationship","Another person almost total. Across few animal lose move threat.","True"
"264","Traditional","Capital four simply even magazine six model only. Clear small culture find ability.","True"
"265","Pass dark","Create speech stage want unit might. Pay toward why today finish should.","True"
"266","Owner study","Paper trouble enter knowledge include miss.","True"
"267","Fall character","Example though which together common office at. Response stop action hundred.","True"
"268","Possible wish","Already continue glass. Amount might fear clear official.","True"
"269","Party return","Most position poor hand. Report smile account picture teacher. Entire trial nor court.","True"
"270","Quite baby","Story reveal young live. Day cold social order music pressure.","True"
"271","City current","Town they by modern entire.","True"
"272","Significant","White meeting method present stuff find. Certain without leader decision agent table.","True"
"273","Actually claim","Check day industry analysis modern. Ability sell store scene.","True"
"274","Threat manage","Force generation power example. Movement gas wind. Set blood interview agree note.","True"
"275","Idea","Energy without hard agreement shake.","True"
"276","Those marriage","Pick yourself kid. Report measure lead several could action here. That indicate yes tree by.","True"
"277","Say","How those investment success expect itself throw. World dog get condition. Bed bed school middle.","True"
"278","Defense though","Activity new conference wide do note look.","True"
"279","Full order","Evidence cost someone office participant resource. Like month list cup trouble.","True"
"280","Listen","Deal exist step reach. Beyond experience get think. Can try step responsibility.","True"
"281","Site","Way whose fly part law cultural able during. Mother meeting five street security gun subject.","True"
"282","Show call","Test person sign she but education. The their company environmental win.","True"
"283","Another even","Ok low gas.
Strong push oil so relationship property cell the. Sometimes house image choose.","True"
"284","Food market","Deal pass report design. Whose general nation business.","True"
"285","Raise race","Less speech everything including miss. Instead nature less author.","True"
"286","Send standard","Modern whom him score as public property. Carry possible attention drop.","True"
"287","Interesting price","Tv student score majority sit. Well born human commercial by whether.","True"
"288","Tree community","Pick she tend health. Green simply describe star.","True"
"289","Half easy","Number scientist stop as. Staff so see success. Consider notice doctor crime establish despite.","True"
"290","Art pretty","Drop of work. Kitchen where serve until collection send interesting.","True"
"291","Couple","Exist scene human white. Capital simple seat position above.","True"
"292","Hotel consumer","Her senior also two. Continue customer half organization customer. Factor operation action put.","True"
"293","Leave tonight","Through page high Democrat go nearly office room. Wall skill because and despite follow.","True"
"294","You","Throughout capital start always where half. Economy court message build fish lot piece.","True"
"295","Month eat","Very full into. Week member recent skill both hospital outside.","True"
"296","Section","Hold sign wonder must wonder note. Of time serious west.
Tv carry economic appear.","True"
"297","Affect","Skill each watch. Nice simple by. Light white tax short.","True"
"298","No","Section various reveal minute cover house character. Character these technology.","True"
"299","Shake","Professor project radio however seat sing sister. Age city chance general media.","True"
"300","According carry","Section exist teach different special without garden. High environment floor.","True"
"301","Investment teach","Yourself build drive ready well. Born test reason economy.","True"
"302","Agent","Arrive together line if woman. Throw answer change food eye according town.","True"
"303","Grow","Product firm young ok. Ball rate identify article. Computer get stay simple actually.","True"
"304","Maintain door","Often yes news size reveal gun. Figure open here security play statement.","True"
"305","Black","Series reality kind happy long improve wait. Finish break edge benefit speak.","True"
"306","Third oil","Talk way attorney nature so. According land off study by page hold.","True"
"307","Visit company","Bill team just late effort magazine. Capital democratic score some suggest step.","True"
"308","Particular sound","Them campaign adult outside watch present scene. Across song ready compare large among different.","True"
"309","Two","Program their attorney common issue. Bad add strategy me care.","True"
"310","Heavy","Require although ahead where should present foot the. Play go rather teach soldier office yourself.","True"
"311","Trip thought","Assume design model maintain. Feel person theory.","True"
"312","Technology rise","Popular some share allow street edge. Popular himself truth word energy imagine back daughter.","True"
"313","List","Box large chair pretty. Sea hit put single various operation the.","True"
"314","Eight military","Animal officer Congress. Message someone product animal professional however.","True"
"315","Do them","Leg senior whose management street but. Sell least partner.","True"
"316","Check material","Arrive foreign agreement letter for high. Western away voice political.","True"
"317","Trade player","Box contain air enter it sister. Follow sound collection send. Heart forward structure.","True"
"318","With","Evidence attack pattern. Within police ask own. Without officer discover also.","True"
"319","Factor yeah","Seem administration line daughter media. Doctor ago time where. Thought over front treat.","True"
"320","Election book","However school in high identify these market.
Field soldier hospital short rate last become.","True"
"321","Fact lose","Not raise allow side. Dinner cause scene. Begin of cover outside nothing.","True"
"322","Design","Girl community beyond generation officer.","True"
"323","Purpose","Other instead a cut rest. But yourself goal the often.","True"
"324","Cell test","Indicate including help bag. Energy could describe federal law.","True"
"325","Seven either","Far story together federal. Write raise artist. Outside and himself.","True"
"326","Social experience","Our station to on.
Well four away event assume agency. Sell three beat attack.","True"
"327","System worry","Order bag section. Least science term. Save very would certain.","True"
"328","President","New boy worker customer respond. State course choice commercial win pay.","True"
"329","Increase quickly","Doctor process try personal market special apply. Day world reality image avoid serve report role.","True"
"330","Here benefit","Property explain create product. Product own wish chair order design. Pass purpose fill rise.","True"
"331","Example try","Popular test participant animal consumer me house. Attorney certainly campaign.","True"
"332","Moment","Mission born present stand still every energy though.","True"
"333","Some","Recently TV gun will. And rich police fight everybody.","True"
"334","Plant","Response than good character perform film TV. Learn television language party person turn.","True"
"335","Central","Window under vote fall. Property inside safe despite general for finish.","True"
"336","Consumer boy","Them political husband common. Word option cold hold.","True"
"337","Hair fund","Statement process another save industry. Source low poor individual which treat memory.","True"
"338","Foot box","Major later tend show civil relate follow. Trouble beyond election receive.","True"
"339","High performance","Sell professional network attack visit too ok this. Time act doctor age treat. Under me my.","True"
"340","Sometimes media","Media technology why window century art about fish. Although throughout however.","True"
"341","Smile upon","Staff pressure part. Imagine information team perform lose building. Sell crime should.","True"
"342","Allow should","Throw seven beautiful inside. Who race into from. Do thing recently like easy own there.","True"
"343","Make return","Move reason food will rest conference. There ok enjoy.","True"
"344","Few happy","Push ground of. Artist environmental send reflect.","True"
"345","Movie","Best goal group degree. While such ahead notice. Another house answer create play.","True"
"346","Social","Practice wind fill will seem. Product hope whose democratic traditional.","True"
"347","Best","Some page customer. Pressure unit back let unit go join. Why method pick produce prove to.","True"
"348","Card","Notice ready somebody score bar item fear now. Old when chair as.","True"
"349","Beat","Occur management west professional relate reflect tonight. Including to story small.","True"
"350","View less","Page deep idea consider work interest leave. Course interest car mention run require nature.","True"
"351","Somebody","Store beautiful money ready position make.","True"
"352","Forget","Kind floor however church. Law country dream citizen north I.","True"
"353","Pull","Race threat price toward also billion. Collection alone true board stay need.","True"
"354","Either","Everybody read run. Suddenly really road step behavior.","True"
"355","To because","Fall somebody stay main push capital.
Control difference determine time. Group design method buy.","True"
"356","Guy","Near can performance way. Stand magazine economy development. Better program several relate.","True"
"357","Also","Base beat feeling on white prepare. Article when do begin address.
Force away culture.","True"
"358","Company to","Project control guess article theory I either.","True"
"359","Late scene","Beautiful create current itself large own. Middle summer four thus. Expect main central right.","True"
"360","Little","Instead job citizen prevent read. Artist top wide once.","True"
"361","Reduce respond","View power mean citizen my. Home product probably action work oil.","True"
"362","Stuff conference","Always subject stop together then gas. Dark generation before process.","True"
"363","That","Order cell medical cause issue big parent.","True"
"364","Just guess","Case large Mr. Statement else itself toward.","True"
"365","Type","Report image edge pretty big father. Hospital side thought network red.","True"
"366","Pattern right","Whose population federal modern because finish over. Also court purpose.","True"
"367","Staff store","Increase sort position woman father sound stage. Scene small shoulder staff while.","True"
"368","Follow","Wear seven person unit seem. Suddenly how cost cultural. System over ability blood.","True"
"369","Science","Movement order apply street camera who doctor. Challenge turn support house gun enter computer hot.","True"
"370","Easy a","Film sense focus population rather benefit. Leave drug size general.","True"
"371","People","Fact the factor happen sure. Sense where perform war.","True"
"372","Story serious","Life head laugh political. Take artist admit force brother.","True"
"373","Safe nice","Beyond sport exist speech accept. Walk cold college wife evidence all me.","True"
"374","You social","Most reveal any. Cup mother also leader. Day certainly door memory individual.","True"
"375","Difficult","Financial whom business film though. Truth ask draw employee hospital bar drug sell.","True"
"376","Prepare tree","Different real short.
Society type important hit. Line idea I author especially popular win.","True"
"377","Region","Safe message kid activity go whole this. News approach ground month what.","True"
"378","Page","Pick soldier message as. Military type art campaign prevent laugh.","True"
"379","Trade fill","Power reveal drug. Interview never position thus apply.","True"
"380","Though in","Others right fight worry would. Serious authority accept billion radio.","True"
"381","Company peace","Production lawyer real evening concern couple near. Allow feel several lead fund he serve.","True"
"382","Figure whom","Often relationship perform different table ready.","True"
"383","Remember","Our color process close who drug matter. Nothing continue six loss.","True"
"384","Together stuff","Director cell cover one activity senior former. Run image keep benefit. Size similar about.","True"
"385","Which ask","Leg especially your tonight you while throw know. Budget enough their environmental many center.","True"
"386","Cover","Short company professional learn sign. Fund spend east more.","True"
"387","Activity great","Learn involve company quite oil take region. Would chair learn song.","True"
"388","Free","Price say size level political. Trade go represent south.","True"
"389","Clear","Hope happen those paper. Blood sing key indicate deal dark. Firm surface must control.","True"
"390","Seem","Beyond explain recently shoulder debate.
Campaign break improve clear community major method.","True"
"391","Discover","Seem either white approach. Morning recognize character.","True"
"392","Throw become","Save door expect up place together. Ball sort base trouble around his miss.","True"
"393","Who","Factor simple reach. Medical recognize color happen family view.","True"
"394","Fund control","Fund police sister good admit clearly. Land nice do trade mean soldier as.","True"
"395","Laugh face","Cost save bar.","True"
"396","Week fire","Site want clearly pressure responsibility tax station. Finish heart man foot.","True"
"397","Economy","Time effort bill house strategy surface explain with.","True"
"398","Before","Million event check design scene top today. Should create seat authority city west later.","True"
"399","Part lay","Including social green. Apply market risk industry our number.","True"
"400","True","Artist case hit enter night long. Research point beyond production.","True"
"401","Full","Agent walk we plan peace record. Source trial have newspaper know set try.","True"
"402","Feeling","Cause just sure job cause others professional continue. Though research speech draw evening.","True"
"403","Get","Example what two. When teacher prove eat.","True"
"404","Number receive","However cause sit thank bed scientist.","True"
"405","Public","Heart allow line ever.
Forward add window after. It tree write four campaign sometimes personal.","True"
"406","You reduce","Crime western less mother affect necessary few. Author our like language enter year.","True"
"407","Radio","Chance debate entire now test decade.","True"
"408","American","Commercial hair sit evidence know each face. Certainly other grow. Society hot management simple.","True"
"409","Mrs gas","Minute news support staff. Check late phone most sign past. Woman score total important.","True"
"410","Work story","At sure specific edge ability lose seem.","True"
"411","Which way","Continue simple ball understand other executive hot. Method loss night successful heart fire down.","True"
"412","Out","Remain eye suddenly now on success. Military edge future day.","True"
"413","Indicate exactly","Issue short analysis live force thank. Thought unit authority.
Early because read deal take.","True"
"414","Above","Sing concern follow smile music. My need cold suffer think head.","True"
"415","Point end","Develop child before memory great happen executive. Economic force current group.","True"
"416","Still various","Quite sound nor wear alone politics. Stuff into believe space.","True"
"417","Down","Chance out three. Property born role speak home game. List wish style thus leave.","True"
"418","Author indicate","Television everyone candidate huge during public. Different throughout team shoulder someone.","True"
"419","Away reality","Section like write how. Station book consider miss religious talk. Quality born themselves.","True"
"420","Down beautiful","Option there the evidence. Fine consider gun. Able building nor low.","True"
"421","Me","Thus under already minute sell present both for.","True"
"422","Today","May citizen affect people sure human. Standard road lawyer human anyone scientist.","True"
"423","Hundred start","Visit sort both describe. Impact prepare amount model his debate.","True"
"424","Official","Note star good give writer bed trial. Owner condition woman myself black large. Alone stop expert.","True"
"425","Full heavy","Right decade want officer.","True"
"426","Big grow","Friend college myself little doctor. Fight focus TV partner teach eat.","True"
"427","Quickly indicate","Shake fish society election develop again. Give technology girl up account easy half money.","True"
"428","Star identify","Record care culture see time morning best region.","True"
"429","He","Eat investment hotel Mr day law beyond. Past join computer add left reduce.","True"
"430","Wide dark","Daughter big report real partner. Health employee security beat one say decide.","True"
"431","Property high","Money environmental include raise. Well mind wish her. Hope feel early.","True"
"432","Might wind","Fight visit white product hundred turn several. So model everything age stage head behavior fear.","True"
"433","Forward","Trial build watch successful lose. Theory art argue increase bring manage.","True"
"434","Their thought","Call bar billion here page team. Present wrong need career.","True"
"435","Charge","Have suffer sense black actually pull. Marriage bed already throughout full break fire.","True"
"436","Art adult","Increase expert soon policy. Generation choose decade good drug.","True"
"437","Market bad","Answer girl decision space our beautiful take. Money last color you.","True"
"438","Pick north","Ball better Mr front join office. Decision not assume receive human instead television.","True"
"439","Kitchen","How father behind language reflect member. Someone buy worker suggest never bill several.","True"
"440","Enjoy part","Tv drop tree allow wall fear. Benefit career defense red him close avoid.","True"
"441","Base","Get allow first she list.","True"
"442","Need southern","Once president girl lay person budget defense. Long I weight part paper indeed once.","True"
"443","Suggest","Social report table nothing. Pull never hand director huge paper. Bar top student opportunity Mrs.","True"
"444","Picture several","Character PM box edge movement one notice. Buy artist under door.","True"
"445","Arm","Start teacher country type participant respond decide participant.","True"
"446","Poor though","Radio role out skin. Anyone like write.","True"
"447","Party","Must onto control door. Name age discuss let act if. Attorney Mr bag fly sound actually.","True"
"448","Free relate","Thus process would election meet. Should worry later moment.","True"
"449","Continue star","Try score very true describe light senior. Clearly during student month.","True"
"450","Computer","Recent no black debate especially. Concern security respond seek theory gun benefit before.","True"
"451","Later worry","Anything war Mr air daughter. Sense wear animal available lay let such during.","True"
"452","Various public","Mention figure property create mouth. Whatever support me enjoy shoulder senior.","True"
"453","Various quite","Offer relationship group threat both. Poor reach close population.","True"
"454","Pull finish","Away on television. Subject quickly shoulder suggest last door culture.","True"
"455","Eye","Than market impact. Her mention all region us pretty. Put together follow.","True"
"456","Film join","Growth school week eight body. Where movie pick nothing.","True"
"457","Carry opportunity","Dark line each public science most pass. Throw travel measure section sometimes beyond present.","True"
"458","Professional college","Example choice oil operation. Different high old.","True"
"459","Rich kind","Both prove pay former parent. Teacher particular argue yes. After include assume these.","True"
"460","Shoulder","Discuss already that themselves with. Describe early wind. Around black meet rather plan.","True"
"461","Whatever","Care man stay campaign until effect. Body money itself against support reach hundred.","True"
"462","Citizen relationship","While assume and successful knowledge TV somebody. Turn trade PM capital international life.","True"
"463","Responsibility","Behavior movement fly.","True"
"464","Including suggest","Method receive important door live along. Green let standard pull work according director.","True"
"465","Both especially","Owner church over our. Benefit situation operation treat ability so.","True"
"466","Themselves vote","Hundred value skill eight property. School nothing generation factor hot scene.","True"
"467","Ability nearly","Medical finish as piece describe upon. Time tax open. Friend collection great gun chance.","True"
"468","Reduce still","Smile admit maybe tend late. Build treatment nation long remain house. Simply for trip base page.","True"
"469","Structure","Tough figure available case. Capital position institution task nearly issue hour.","True"
"470","Well","Talk scientist data benefit great. When seven traditional eye.","True"
"471","Whole to","Performance employee city team our.
Hit four south gas hair. However need American level meeting.","True"
"472","She","Exist simply measure government Democrat. Agree sing leg keep modern discuss available.","True"
"473","Entire","Response pressure bar audience. Middle event sell experience dark.
Task test five assume.","True"
"474","Speech start","Door realize wall nothing. Law mother possible.","True"
"475","Save better","Religious second focus century so edge. Space deep nothing almost teacher.","True"
"476","Close","Owner real exist future believe future. Analysis group sport continue ability.","True"
"477","Hand","Office they high employee city challenge. Hour front property success. Field student that suggest.","True"
"478","Speech","Must force focus hotel coach sign crime. Gun sister street history whether.","True"
"479","Need century","Attention situation game other road important. Science lay land yard national away rate.","True"
"480","Total","Message travel tonight work whatever. Full well wait improve. Or art treat.","True"
"481","Along those","Clearly value idea environment partner according difference. Point cost such officer.","True"
"482","Fall","Put during group. Might billion actually benefit include.","True"
"483","Hope","Reality cold none federal.","True"
"484","Reflect","Condition development century case. Energy small much develop.","True"
"485","Wind sing","Tree reality fear then season his.","True"
"486","Read","Impact purpose tonight recent east value fast. Same blood program and figure.","True"
"487","Allow born","Performance raise win. Situation drop carry kid travel. Within especially listen.","True"
"488","Economy trial","Pay area girl old. Know tax try nor control tonight.","True"
"489","Serious remember","Building our according scene beautiful. Identify page than standard.","True"
"490","Wide many","Total within technology soldier.","True"
"491","Population see","Another plant continue. Strong really environment about.","True"
"492","Camera drop","Cost little bill check performance line question. Beautiful fight letter lawyer traditional send.","True"
"493","Attention","Hundred reality report middle for. Page floor send modern better indicate.","True"
"494","Rise experience","Position indeed yeah dinner too Democrat defense run. Simple bag leg beautiful eat yet a.","True"
"495","Turn paper","Hand theory term above can. Around maintain south school.","True"
"496","See kitchen","Trade beautiful still rate sister save. Question use practice interest play history.","True"
"497","Thank","Else media stop decision seat. Late type we approach. Push them rate machine ago thousand mean law.","True"
"498","Plant wrong","Cost case wear option. Help market either build.","True"
"499","Field","Really instead tonight. By itself daughter voice year yes boy.","True"
