"427","9"
"428","9"
"429","9"
"430","9"
"431","9"
"432","9"
"433","9"
"434","9"
"435","9"
"436","9"
"437","9"
"438","9"
"439","9"
"440","9"
"441","9"
"442","9"
"443","9"
"444","9"
"445","9"
"446","9"
"447","9"
"448","9"
"449","9"
"450","9"
"451","9"
"452","9"
"453","9"
"454","9"
"455","9"
"456","9"
"457","9"
"458","9"
"459","9"
"460","9"
"461","9"
"462","9"
"463","9"
"464","9"
"465","9"
"466","9"
"467","9"
"468","9"
"469","9"
"470","9"
"471","9"
"472","9"
"473","9"
"474","9"
"475","9"
"476","9"
"477","9"
"478","9"
"479","9"
"480","9"
"481","9"
"482","9"
"483","9"
"484","9"
"485","9"
"486","9"
"487","9"
"488","9"
"489","9"
"490","9"
"491","9"
"492","9"
"493","9"
"494","9"
"495","9"
"496","9"
"497","9"
"498","9"
"499","9"